date , max_temp , min_temp , weather , wind_dir , wind_force
20110101,5,-1, 雨夹雪 , 无持续风向 , 微风
20110102,7,0, 多云 , 无持续风向~北风 , 微风
20110103,6,0, 雨夹雪 , 北风 , 微风
20110104,4,-2, 雨夹雪~阴 , 北风 , 微风
20110105,5,-1, 多云 , 北风 , 微风
20110106,6,0, 多云~晴 , 北风 , 微风
20110107,6,0, 阴 , 东北风 , 微风
20110108,4,-2, 雨夹雪 , 东北风 , 微风
20110109,4,-2, 雨夹雪 , 北风 , 4-5级
20110110,2,-1, 小雪 , 北风 , 微风
20110111,4,-2, 中雪~小雪 , 东北风~北风 , 3-4级~4-5级
20110112,5,0, 阴 , 北风 , 微风
20110113,6,-1, 多云 , 东北风 , 微风
20110114,4,-3, 多云~晴 , 北风~东风 , 微风
20110115,4,-2, 多云~阴 , 北风 , 3-4级
20110116,3,-2, 阴~雨夹雪 , 北风 , 微风
20110126,5,0, 阴~雨夹雪 , 东风 , 微风
20110129,4,-2, 多云 , 东北风 , 微风
20110130,5,-1, 多云~晴 , 东北风 , 微风
20110131,6,0, 晴~多云 , 北风 , 微风
20110201,9,1, 多云 , 北风 , 微风
20110202,11,3, 晴 , 南风 , 微风
20110203,15,3, 晴~多云 , 南风~东南风 , 微风
20110204,15,3, 晴~多云 , 无持续风向 , 微风
20110205,16,5, 多云~晴 , 东北风 , 微风
20110206,15,4, 阴~多云 , 南风 , 微风
20110207,19,6, 多云 , 无持续风向 , 微风
20110208,19,6, 多云 , 北风 , 微风
20110209,13,3, 阴~小雨 , 北风 , 5-6级~4-5级
20110210,5,0, 中雨~小雨 , 东北风 , 微风
20110211,5,-1, 多云 , 北风 , 微风
20110212,7,1, 多云~小雨 , 北风 , 微风
20110213,4,-1, 雨夹雪 , 东北风 , 微风
20110214,6,-2, 阴~多云 , 无持续风向 , 微风
20110215,7,1, 多云~阴 , 东北风 , 微风
20110216,6,2, 小雨 , 东风 , 微风
20110217,6,3, 小雨~阴 , 东北风 , 微风
20110218,7,3, 阴~小雨 , 北风 , 微风
20110219,8,2, 阴~多云 , 无持续风向 , 微风
20110220,11,2, 多云~晴 , 东北风 , 微风
20110221,13,4, 晴~多云 , 东北风 , 微风
20110222,15,6, 晴~多云 , 东风 , 微风
20110223,16,8, 多云 , 东南风 , 微风
20110224,21,8, 晴~多云 , 东风 , 微风
20110225,13,6, 阴~阵雨 , 东北风 , 微风
20110226,17,8, 多云~阴 , 无持续风向 , 微风
20110227,20,6, 多云~阵雨 , 南风~北风 , 微风
20110228,8,4, 小雨 , 北风 , 5-6级~4-5级
20110301,7,2, 阴~多云 , 北风 , 微风
20110302,9,1, 晴~多云 , 无持续风向 , 微风
20110303,9,1, 阴~多云 , 北风 , 微风
20110304,12,3, 晴~多云 , 北风 , 微风
20110305,14,4, 多云~小到中雨 , 东风 , 微风
20110306,9,4, 中雨~小雨 , 无持续风向 , 微风
20110307,11,3, 多云~晴 , 北风 , 微风
20110308,16,5, 晴~多云 , 无持续风向 , 微风
20110309,14,3, 多云 , 北风~南风 , 微风
20110310,18,6, 晴~多云 , 东北风 , 微风
20110311,16,7, 多云~阴 , 无持续风向 , 微风
20110312,20,9, 多云~阴 , 无持续风向 , 微风
20110313,22,8, 多云~阵雨 , 南风 , 3-4级
20110314,16,5, 小雨~小到中雨 , 北风 , 4-5级~5-6级
20110315,8,3, 小雨~阴 , 北风 , 5-6级~4-5级
20110316,14,5, 多云 , 北风 , 微风
20110317,17,6, 多云 , 无持续风向 , 微风
20110318,15,9, 阴~阵雨 , 南风 , 微风
20110319,16,11, 阵雨 , 南风 , 微风
20110320,16,7, 阵雨~中雨 , 东风~东北风 , 微风
20110321,8,3, 中雨~小雨 , 北风 , 5-6级~3-4级
20110322,7,3, 小雨~阴 , 无持续风向 , 微风
20110323,11,4, 多云 , 北风 , 微风
20110324,15,4, 多云 , 北风 , 微风
20110325,16,5, 晴~多云 , 北风 , 微风
20110326,16,6, 晴~多云 , 北风~南风 , 微风
20110327,17,6, 多云~晴 , 无持续风向 , 微风
20110328,19,7, 晴 , 南风 , 微风
20110329,17,7, 多云~晴 , 北风 , 微风
20110330,20,8, 晴~多云 , 东风 , 微风
20110331,22,11, 晴~多云 , 南风 , 微风
20110401,24,11, 多云 , 南风 , 微风
20110402,18,7, 阴~小雨 , 东风~东北风 , 微风~4-5级
20110403,8,5, 小雨~阴 , 东北风~北风 , 4-5级
20110404,15,6, 多云 , 北风 , 微风
20110405,17,9, 晴~多云 , 北风 , 微风
20110406,19,12, 多云~阵雨 , 无持续风向 , 微风
20110407,17,11, 阵雨 , 北风 , 微风
20110408,17,10, 阴 , 东风~南风 , 微风
20110409,22,15, 阴~阵雨 , 东南风 , 微风
20110410,22,16, 阴~小雨 , 东南风 , 微风
20110411,20,10, 多云~晴 , 北风 , 微风
20110412,22,12, 晴~多云 , 东风 , 微风
20110413,20,14, 阴~多云 , 南风 , 微风
20110414,27,16, 阴~阵雨 , 南风 , 微风
20110415,26,16, 雷阵雨~中到大雨 , 南风~北风 , 3-4级~4-5级
20110416,18,10, 小雨~阴 , 北风~东北风 , 4-5级
20110417,22,12, 多云~晴 , 东北风 , 微风
20110418,21,10, 晴 , 北风 , 4-5级~微风
20110419,21,12, 晴 , 北风~南风 , 微风
20110420,24,12, 晴~多云 , 北风~南风 , 微风
20110421,23,16, 多云~阵雨 , 东南风~北风 , 3-4级~4-5级
20110422,21,13, 小雨~多云 , 北风 , 4-5级~微风
20110423,25,15, 晴~多云 , 南风 , 微风
20110424,25,15, 晴 , 东北风~南风 , 微风
20110425,30,16, 晴~多云 , 南风 , 微风
20110426,34,19, 晴~阵雨 , 西南风 , 4-5级
20110427,27,15, 多云 , 北风 , 微风
20110428,27,15, 晴~多云 , 东南风~南风 , 微风
20110429,33,20, 多云~阴 , 南风 , 微风
20110430,28,16, 阵雨 , 南风~北风 , 3-4级~4-5级
20110501,27,16, 阵雨~多云 , 东北风 , 3-4级
20110502,26,16, 多云~大雨 , 东风 , 微风
20110503,17,12, 阴 , 东北风 , 3-4级~微风
20110504,17,12, 阴~多云 , 东风 , 微风
20110505,25,16, 多云 , 南风 , 微风
20110506,29,19, 阴~多云 , 东南风 , 微风
20110507,33,21, 晴 , 西南风 , 4-5级~3-4级
20110508,35,23, 晴~多云 , 西南风 , 4-5级
20110509,33,23, 阴~多云 , 南风 , 微风
20110510,35,23, 多云~雷阵雨 , 南风 , 微风
20110511,26,20, 阵雨~阴 , 北风 , 微风
20110512,26,18, 阴~多云 , 北风 , 微风
20110513,28,20, 多云~晴 , 北风~南风 , 微风
20110514,28,20, 多云~阴 , 南风 , 微风
20110515,26,18, 多云~阵雨 , 南风 , 微风
20110516,28,18, 多云 , 南风 , 微风
20110517,31,18, 多云~晴 , 南风 , 微风
20110518,32,20, 晴 , 无持续风向 , 微风
20110519,35,23, 晴 , 南风 , 微风
20110520,36,22, 晴~多云 , 南风 , 微风
20110521,28,18, 阵雨 , 北风 , 3-4级
20110522,20,16, 阵雨~小到中雨 , 无持续风向 , 微风
20110523,17,15, 小雨~阴 , 东北风 , 微风
20110524,21,16, 阴 , 东北风 , 微风
20110525,23,18, 阴 , 北风 , 微风
20110526,28,18, 多云 , 北风 , 微风
20110527,28,18, 多云 , 北风 , 微风
20110528,25,17, 阴~多云 , 东北风 , 微风
20110529,27,20, 晴~多云 , 东北风~东风 , 微风
20110530,32,22, 多云 , 南风 , 微风
20110531,30,22, 多云~阵雨 , 南风~北风 , 微风
20110601,28,21, 阴~多云 , 东北风 , 微风
20110602,31,21, 多云~阵雨 , 南风 , 微风
20110603,29,22, 阴~阵雨 , 南风 , 微风
20110604,23,21, 中到大雨~大到暴雨 , 南风 , 微风
20110605,23,21, 阵雨~中雨 , 北风 , 微风
20110606,23,21, 大到暴雨~中到大雨 , 东北风 , 微风
20110607,27,22, 阵雨~多云 , 东北风 , 微风
20110608,33,24, 多云 , 南风 , 微风
20110609,35,25, 多云~阵雨 , 南风 , 微风
20110610,28,24, 中到大雨 , 南风 , 微风
20110611,23,21, 大到暴雨~中到大雨 , 东北风 , 微风
20110612,28,22, 阵雨~阴 , 东北风 , 微风
20110613,28,23, 阵雨 , 无持续风向 , 微风
20110614,23,21, 大雨~大到暴雨 , 南风 , 微风
20110615,24,20, 大到暴雨~中雨 , 东北风 , 微风
20110616,26,22, 阵雨~阴 , 北风 , 微风
20110617,28,23, 雷阵雨~大到暴雨 , 南风 , 微风
20110618,29,22, 大雨~大到暴雨 , 南风~北风 , 微风
20110619,24,21, 阵雨 , 东风~东南风 , 微风
20110620,29,23, 阴 , 东风 , 微风
20110621,32,24, 雷阵雨~多云 , 东风 , 微风
20110622,34,24, 多云 , 南风 , 微风
20110623,36,26, 多云 , 南风 , 微风
20110624,34,26, 雷阵雨 , 东南风 , 微风
20110625,31,24, 中到大雨~阵雨 , 东北风 , 3-4级
20110626,31,23, 多云 , 西北风~西风 , 3-4级~微风
20110627,33,24, 晴~多云 , 南风 , 微风
20110628,34,25, 雷阵雨 , 东南风 , 3-4级
20110629,33,25, 雷阵雨 , 南风 , 微风
20110630,34,26, 雷阵雨~多云 , 西南风 , 微风
20110701,32,25, 阵雨~多云 , 南风 , 3-4级
20110702,36,27, 晴~多云 , 西南风 , 微风
20110703,37,28, 晴~多云 , 西南风 , 3-4级
20110704,36,28, 雷阵雨~多云 , 南风 , 微风
20110705,37,27, 雷阵雨~多云 , 南风 , 微风
20110706,36,27, 多云 , 南风 , 3-4级
20110707,36,27, 多云 , 南风 , 微风
20110708,34,27, 雷阵雨~阵雨 , 南风 , 微风
20110709,32,26, 雷阵雨 , 东北风 , 微风
20110710,34,26, 雷阵雨~阴 , 东南风 , 3-4级
20110711,33,26, 多云 , 东南风~南风 , 3-4级~微风
20110712,33,25, 雷阵雨 , 南风 , 微风
20110713,32,25, 小到中雨~雷阵雨 , 南风 , 微风
20110714,32,26, 雷阵雨 , 东南风~北风 , 3-4级
20110715,33,26, 多云~阴 , 南风 , 微风
20110716,33,26, 雷阵雨~多云 , 东南风 , 3-4级
20110717,33,25, 雷阵雨~多云 , 南风 , 微风
20110718,33,26, 阵雨~雷阵雨 , 东南风 , 微风
20110719,30,25, 中雨~阵雨 , 东北风 , 3-4级
20110720,33,26, 多云 , 南风 , 微风
20110721,34,26, 雷阵雨~多云 , 南风 , 微风
20110722,35,27, 多云~晴 , 南风 , 微风
20110723,35,27, 雷阵雨~多云 , 东南风 , 微风
20110724,36,27, 雷阵雨~多云 , 东风 , 微风
20110725,38,27, 多云 , 南风 , 3-4级
20110726,38,28, 多云 , 南风 , 微风
20110727,38,28, 晴~多云 , 南风 , 3-4级
20110728,37,28, 晴~多云 , 南风 , 3-4级
20110729,36,28, 晴~多云 , 东南风 , 微风
20110730,36,28, 晴~多云 , 南风 , 3-4级
20110731,37,27, 多云 , 东南风 , 3-4级
20110801,34,26, 雷阵雨 , 东南风 , 3-4级
20110802,34,26, 雷阵雨~多云 , 东南风 , 微风~3-4级
20110803,34,26, 雷阵雨 , 东南风 , 微风
20110804,34,25, 雷阵雨~多云 , 东北风 , 微风
20110805,32,25, 雷阵雨~阵雨 , 东北风 , 3-4级
20110806,33,24, 小到中雨~大到暴雨 , 东北风~东风 , 4-5级~6-7级
20110807,33,25, 多云 , 西北风~西风 , 4-5级~3-4级
20110808,35,26, 雷阵雨~多云 , 西南风 , 3-4级~微风
20110809,34,26, 雷阵雨~多云 , 南风 , 微风
20110810,36,26, 多云 , 南风 , 微风
20110811,35,25, 雷阵雨 , 南风 , 3-4级
20110812,30,26, 中到大雨~雷阵雨 , 西南风 , 3-4级
20110813,34,26, 雷阵雨~多云 , 南风 , 3-4级
20110814,36,26, 雷阵雨~多云 , 西南风~南风 , 微风
20110815,35,27, 多云 , 南风 , 微风
20110816,37,27, 多云 , 西南风 , 3-4级
20110817,36,28, 多云 , 西南风 , 3-4级
20110818,35,28, 多云 , 南风 , 微风~3-4级
20110819,35,27, 多云 , 南风 , 微风~3-4级
20110820,37,27, 多云 , 南风 , 微风
20110821,34,26, 雷阵雨 , 东北风 , 微风
20110822,32,24, 中雨~中到大雨 , 东北风 , 微风
20110823,29,22, 中雨 , 北风~东北风 , 微风
20110824,27,23, 中到大雨~阵雨 , 东北风 , 3-4级~微风
20110825,27,22, 阵雨 , 东北风 , 微风
20110826,30,24, 阵雨~雷阵雨 , 东北风 , 微风
20110827,31,24, 阵雨 , 东北风 , 3-4级
20110828,32,25, 雷阵雨~多云 , 东南风 , 微风
20110829,31,24, 雷阵雨~阵雨 , 东风 , 3-4级~微风
20110830,30,25, 大到暴雨~中雨 , 东北风 , 微风
20110831,30,25, 阵雨~阴 , 东北风 , 4-5级
20110901,31,24, 多云 , 东北风 , 3-4级
20110902,31,24, 多云 , 东北风 , 微风
20110903,32,24, 晴~多云 , 东北风 , 3-4级~微风
20110904,31,23, 晴~多云 , 北风 , 微风
20110905,32,23, 晴~多云 , 东北风 , 微风
20110906,30,22, 多云 , 北风 , 微风
20110907,31,23, 多云~阴 , 东风 , 微风
20110908,31,23, 雷阵雨~阵雨 , 南风 , 微风
20110909,27,23, 阵雨 , 东北风 , 微风
20110910,26,22, 阵雨~阴 , 东北风 , 微风
20110911,28,23, 多云 , 东风 , 3-4级
20110912,31,24, 多云 , 东风 , 微风
20110913,33,24, 多云~晴 , 东南风 , 微风
20110914,34,25, 晴~多云 , 东南风 , 微风
20110915,34,24, 晴~多云 , 东南风 , 微风
20110916,34,24, 多云 , 东南风~东北风 , 微风
20110917,33,22, 多云~阵雨 , 东北风 , 微风~3-4级
20110918,25,19, 小雨~阴 , 西北风 , 4-5级~3-4级
20110919,24,18, 多云~阴 , 北风 , 4-5级~微风
20110920,22,16, 阴 , 西北风 , 4-5级~3-4级
20110921,23,15, 多云 , 东北风 , 微风
20110922,25,16, 多云 , 北风 , 微风
20110923,26,17, 多云 , 东北风 , 微风
20110924,26,18, 晴~多云 , 东北风 , 微风
20110925,27,21, 小雨 , 东北风 , 微风
20110926,25,22, 阵雨 , 东北风 , 微风
20110927,25,22, 小雨 , 东风 , 微风
20110928,28,23, 多云~阴 , 东风~东南风 , 微风
20110929,28,19, 中雨~中到大雨 , 北风 , 微风~4-5级
20110930,20,18, 中到大雨~小雨 , 北风~东北风 , 4-5级~3-4级
20111001,21,17, 小雨 , 东北风 , 3-4级
20111002,20,17, 小雨 , 东北风 , 微风
20111003,20,16, 阴 , 东北风 , 3-4级
20111004,21,16, 阴 , 东北风 , 微风
20111005,20,16, 阴~多云 , 北风 , 微风
20111006,25,17, 多云 , 东风 , 微风
20111007,25,16, 多云 , 北风 , 微风
20111008,26,17, 晴 , 东风 , 微风
20111009,27,17, 晴~多云 , 东南风 , 微风
20111010,25,20, 小雨~阴 , 东北风 , 微风
20111011,24,19, 小雨~阴 , 东北风 , 微风
20111012,24,19, 阴~阵雨 , 东南风 , 微风
20111013,23,15, 中到大雨~中雨 , 北风 , 3-4级
20111014,23,15, 阴~多云 , 北风 , 微风
20111015,24,13, 多云 , 西北风 , 微风
20111016,25,15, 晴 , 北风 , 微风
20111017,26,15, 晴 , 东北风 , 微风
20111018,24,15, 晴~多云 , 东北风 , 微风
20111019,23,16, 多云 , 东北风 , 3-4级
20111020,22,17, 小雨 , 东北风 , 微风
20111021,24,17, 阴~多云 , 东北风 , 微风
20111022,25,16, 晴~多云 , 东北风 , 微风
20111023,25,17, 多云~阵雨 , 东南风 , 微风
20111024,21,13, 中到大雨~小雨 , 北风~东北风 , 3-4级~微风
20111025,17,12, 阴~多云 , 北风 , 3-4级~微风
20111026,19,12, 多云 , 东北风 , 微风
20111027,21,16, 多云~阴 , 东北风 , 微风
20111028,20,15, 小雨 , 东北风 , 微风
20111029,20,16, 小雨~阴 , 东风 , 微风
20111030,21,15, 阴~多云 , 东北风 , 微风
20111031,24,16, 多云 , 东风 , 微风
20111101,24,16, 多云 , 东北风 , 微风
20111102,23,18, 阵雨 , 东风~东北风 , 微风
20111103,21,17, 阵雨 , 东北风 , 微风
20111104,23,19, 阵雨 , 东北风 , 微风
20111105,22,18, 小到中雨~小雨 , 东风 , 微风
20111106,24,18, 阴 , 北风 , 微风
20111107,19,14, 阴~小雨 , 北风 , 微风
20111108,17,12, 小雨 , 北风 , 微风
20111109,15,12, 小到中雨~小雨 , 北风 , 微风
20111110,15,10, 小雨~多云 , 西北风~北风 , 微风
20111111,17,9, 多云~晴 , 北风 , 微风
20111112,21,10, 晴 , 东南风 , 微风
20111113,20,11, 多云~阴 , 东风 , 微风
20111114,20,13, 多云 , 东北风~东风 , 微风
20111115,20,13, 多云 , 东风 , 微风
20111116,22,15, 多云~阴 , 东南风 , 微风
20111117,24,18, 多云~阴 , 东南风 , 微风
20111118,23,12, 中雨 , 东南风~北风 , 微风
20111119,16,10, 小雨~阴 , 北风 , 3-4级
20111120,15,8, 多云~晴 , 北风 , 3-4级~微风
20111121,17,9, 晴~多云 , 东北风 , 微风
20111122,17,8, 多云~晴 , 北风 , 微风~3-4级
20111123,16,6, 晴 , 北风 , 微风
20111124,16,6, 晴 , 北风~东南风 , 微风
20111125,17,9, 晴 , 南风 , 微风
20111126,21,11, 晴~多云 , 南风 , 微风
20111127,23,12, 晴~多云 , 南风 , 微风
20111128,23,13, 多云~阴 , 东风~东北风 , 微风
20111129,23,12, 阴~小雨 , 东风~北风 , 微风
20111130,17,6, 小雨~小到中雨 , 北风 , 5-6级
20111201,8,2, 阴 , 西北风 , 4-5级
20111202,8,2, 多云 , 西北风 , 3-4级~微风
20111203,12,4, 晴~多云 , 北风 , 微风
20111204,13,5, 晴~多云 , 东北风~东风 , 微风
20111205,14,8, 多云~阴 , 东风 , 微风
20111206,16,10, 阴~小雨 , 东南风 , 微风
20111207,14,6, 中雨~小雨 , 东北风 , 3-4级~4-5级
20111208,7,2, 小雨~阴 , 北风 , 4-5级~3-4级
20111209,7,0, 多云 , 北风 , 3-4级
20111210,7,-1, 晴 , 东北风 , 微风
20111211,8,0, 晴 , 北风 , 微风
20111212,10,3, 多云 , 北风~东北风 , 微风
20111213,12,4, 多云 , 东北风 , 微风
20111214,12,4, 多云~阴 , 北风 , 微风
20111215,8,2, 小雨~阴 , 北风 , 3-4级
20111216,7,-1, 晴 , 北风~东北风 , 微风
20111217,7,0, 晴~多云 , 北风~东北风 , 微风
20111218,8,2, 多云 , 北风 , 微风
20111219,10,4, 多云 , 北风 , 微风
20111220,11,4, 小雨 , 东风 , 微风
20111221,8,1, 小雨~阴 , 北风 , 3-4级~4-5级
20111222,6,-1, 阴~多云 , 北风 , 3-4级~微风
20111223,8,-2, 晴 , 北风 , 微风
20111224,8,-1, 晴 , 东北风 , 3-4级
20111225,9,1, 晴 , 北风 , 微风
20111226,11,3, 多云 , 东风 , 微风
20111227,10,5, 多云~阴 , 东风~东北风 , 微风
20111228,12,6, 阴 , 东风 , 微风
20111229,10,5, 阴~多云 , 无持续风向 , 微风
20111230,9,3, 多云 , 北风 , 微风
20111231,10,3, 多云 , 东北风 , 微风
20120101,10,2, 晴~多云 , 东北风 , 微风
20120102,9,4, 多云 , 东北风~北风 , 微风
20120103,7,0, 阴 , 北风 , 微风
20120104,4,-1, 多云 , 无持续风向 , 微风
20120105,5,0, 阴~小雨 , 东风 , 微风
20120106,5,2, 阴 , 北风 , 微风
20120107,7,3, 多云~阴 , 东北风 , 微风
20120108,7,4, 小雨~阴 , 东风 , 微风
20120109,6,4, 阴 , 东北风 , 微风
20120110,7,4, 阴 , 东北风 , 微风
20120111,8,4, 阴 , 北风 , 微风
20120112,7,3, 多云~阴 , 东北风 , 微风
20120113,9,5, 小雨 , 东风 , 微风
20120114,8,4, 中到大雨 , 东北风 , 微风
20120116,6,3, 小雨~阴 , 东北风 , 微风
20120117,8,5, 多云~小雨 , 东北风 , 微风
20120118,7,5, 小到中雨~中雨 , 东北风 , 微风
20120119,8,5, 小雨 , 东北风 , 微风
20120120,7,1, 阴~小雨 , 北风 , 微风~3-4级
20120121,5,-1, 雨夹雪~中到大雪 , 北风 , 3-4级
20120122,2,-2, 小雪~多云 , 北风 , 3-4级
20120123,3,-2, 多云 , 北风 , 微风
20120124,3,-2, 多云~阴 , 无持续风向 , 微风
20120125,4,-1, 晴~多云 , 北风 , 微风
20120126,7,-1, 多云 , 东南风 , 微风
20120127,7,2, 小雨 , 东北风 , 微风
20120128,6,3, 小雨 , 北风 , 微风
20120129,6,3, 小雨 , 北风 , 微风
20120130,6,2, 小雨~阴 , 东北风 , 微风
20120131,8,1, 多云 , 东北风 , 微风
20120201,7,1, 阴 , 北风 , 3-4级
20120202,5,1, 阴~多云 , 北风 , 3-4级
20120203,6,1, 晴~多云 , 北风 , 微风
20120204,9,4, 多云~小雨 , 东北风 , 微风
20120205,10,4, 阴~中雨 , 东风 , 微风
20120206,7,0, 中到大雨~小到中雨 , 北风 , 4-5级
20120207,4,-2, 阴~多云 , 北风 , 4-5级~微风
20120208,5,-1, 晴~多云 , 北风 , 微风
20120209,5,2, 多云~小雨 , 东风 , 微风
20120210,4,1, 雨夹雪~小雨 , 无持续风向 , 微风
20120211,7,2, 阴~小雨 , 北风 , 微风
20120212,8,4, 小雨 , 东北风 , 微风
20120213,10,5, 小雨 , 东风 , 微风
20120214,7,4, 小雨~中雨 , 东北风 , 微风
20120215,5,2, 小雨 , 北风 , 4-5级
20120216,5,1, 小雨~阴 , 东北风 , 微风
20120217,8,1, 阴~多云 , 北风 , 微风
20120218,7,0, 多云 , 北风 , 微风
20120219,8,1, 晴~多云 , 东风 , 微风
20120220,10,5, 多云~小雨 , 东北风 , 微风
20120221,12,6, 小雨~小到中雨 , 东北风 , 微风
20120222,13,8, 中到大雨 , 东风 , 微风
20120223,11,6, 小到中雨~小雨 , 东北风 , 微风
20120224,6,2, 阴 , 东北风 , 微风
20120225,5,2, 小雨~阴 , 东北风 , 3-4级
20120226,4,0, 阴 , 北风 , 微风
20120227,6,2, 小雨 , 北风 , 微风
20120228,5,2, 雨夹雪~阴 , 东北风~东南风 , 3-4级
20120229,9,6, 小雨 , 东风 , 微风
20120301,9,6, 小雨~中雨 , 东风 , 微风
20120302,8,4, 中到大雨~大雨 , 东风 , 微风
20120303,8,6, 中雨 , 东北风 , 微风
20120304,9,6, 大雨 , 东北风 , 微风
20120305,8,5, 中雨~小雨 , 北风~东北风 , 微风
20120306,12,6, 阴~小到中雨 , 东北风 , 微风
20120307,7,5, 中雨 , 东北风 , 微风
20120308,6,3, 中雨~小到中雨 , 东北风 , 微风
20120309,6,2, 小雨~阴 , 东北风 , 微风
20120310,9,3, 多云 , 东北风 , 微风
20120311,9,1, 多云 , 东风 , 微风
20120312,12,4, 晴~多云 , 东北风 , 微风
20120313,13,5, 多云 , 东风 , 微风
20120314,16,7, 多云~阵雨 , 东南风 , 微风
20120315,15,8, 阵雨~小到中雨 , 东南风~南风 , 微风
20120316,20,11, 多云 , 东风 , 微风
20120317,17,8, 阵雨~小到中雨 , 无持续风向 , 微风
20120318,12,8, 阴~阵雨 , 东北风 , 微风
20120319,10,8, 小到中雨~小雨 , 东北风 , 微风
20120320,10,6, 小雨~阴 , 东北风~东南风 , 微风
20120321,15,9, 多云 , 东北风 , 微风
20120322,22,8, 阵雨~大雨 , 东南风~北风 , 微风~4-5级
20120323,14,5, 小到中雨~多云 , 北风 , 4-5级
20120324,17,5, 晴 , 北风 , 微风
20120325,21,10, 晴 , 西南风 , 微风
20120326,23,10, 晴 , 南风 , 微风
20120327,23,10, 晴 , 东风 , 微风
20120328,26,13, 晴~多云 , 东风~南风 , 微风
20120329,22,11, 阵雨 , 东风 , 微风
20120330,16,8, 大雨~小雨 , 北风 , 4-5级~5-6级
20120331,19,7, 多云 , 北风 , 微风
20120412,19,13, 大雨转小雨 , 东风 , 小于3级
20120413,22,13, 阴转阵雨 , 东南风 , 小于3级
20120414,20,13, 阵雨 , 东南风 , 小于3级
20120415,22,12, 阵雨转多云 , 东北风 , 小于3级
20120416,24,13, 多云转阴 , 东风 , 小于3级
20120417,20,14, 阵雨转中雨 , 东风 , 小于3级
20120418,22,13, 阵雨转小到中雨 , 南风 , 小于3级
20120419,25,15, 多云转阵雨 , 北风 , 小于3级
20120420,27,16, 雷阵雨转中到大雨 , 西南风 , 3-4级
20120421,28,13, 多云转晴 , 西北风 , 小于3级
20120422,29,16, 晴转多云 , 西风 , 小于3级
20120423,29,18, 多云转雷阵雨 , 东南风 , 4-5级转3-4级
20120424,23,17, 暴雨转小雨 , 南风 , 3-4级转4-5级
20120425,27,16, 多云转晴 , 西北风 , 小于3级
20120426,29,15, 晴转多云 , 东风 , 小于3级
20120427,29,16, 多云转雷阵雨 , 南风 , 小于3级
20120428,25,19, 中雨 , 东风 , 小于3级
20120429,25,18, 阵雨转雷阵雨 , 西南风 , 小于3级
20120430,22,18, 暴雨转大雨 , 东风 , 小于3级
20120501,26,17, 阴转多云 , 北风 , 小于3级
20120502,28,17, 多云 , 西北风 , 3-4级转小于3级
20120503,25,18, 阵雨转多云 , 北风 , 小于3级
20120504,31,19, 多云转晴 , 东风 , 小于3级
20120505,33,20, 晴 , 南风 , 小于3级
20120506,33,20, 晴转多云 , 西南风 , 小于3级
20120507,28,20, 大雨 , 北风 , 3-4级
20120508,28,19, 多云 , 西北风 , 小于3级
20120509,27,17, 多云 , 东北风 , 小于3级
20120510,28,17, 多云转晴 , 东风 , 小于3级
20120511,30,18, 多云转阴 , 东风 , 小于3级
20120512,24,20, 暴雨 , 南风 , 3-4级
20120513,23,19, 阴转中雨 , 东风 , 小于3级
20120514,27,18, 阵雨转多云 , 西北风 , 小于3级
20120515,28,17, 多云 , 南风 , 小于3级
20120516,31,19, 多云转晴 , 西南风 , 小于3级
20120517,30,20, 晴转多云 , 西南风 , 小于3级
20120518,25,20, 阵雨转大雨 , 南风 , 小于3级
20120519,23,16, 阵雨转阴 , 东风 , 小于3级
20120520,24,17, 阴转多云 , 东风 , 小于3级
20120521,26,17, 多云转晴 , 东风 , 小于3级
20120522,25,17, 多云转阵雨 , 东风 , 小于3级
20120523,23,18, 中雨 , 东南风 , 小于3级
20120524,22,19, 中雨 , 西风 , 小于3级
20120525,24,18, 小雨 , 南风 , 小于3级
20120526,28,17, 多云 , 西南风 , 小于3级
20120527,29,18, 晴转多云 , 东风 , 小于3级
20120528,29,19, 多云 , 东风 , 小于3级
20120529,25,20, 暴雨转大雨 , 东风 , 3-4级转小于3级
20120530,24,18, 小雨转多云 , 东北风 , 小于3级
20120531,25,18, 阴转阵雨 , 东风 , 小于3级
20120601,25,19, 中雨转阵雨 , 东风 , 小于3级
20120602,25,17, 阴转多云 , 东风 , 小于3级
20120603,27,19, 多云转阴 , 东风 , 小于3级
20120604,28,20, 小雨转多云 , 东风 , 小于3级
20120605,27,21, 阵雨 , 东风 , 小于3级
20120606,27,22, 阵雨 , 南风 , 小于3级
20120607,30,23, 阵雨 , 西南风 , 小于3级
20120608,32,23, 多云转阴 , 南风 , 小于3级
20120609,30,24, 阴转阵雨 , 南风 , 小于3级
20120610,29,24, 雷阵雨转中雨 , 西北风 , 小于3级
20120611,30,22, 阴转多云 , 西南风 , 小于3级
20120612,32,23, 阴转多云 , 东风 , 小于3级
20120613,33,23, 多云 , 东北风 , 小于3级
20120614,30,22, 阵雨转多云 , 东南风 , 小于3级
20120615,30,23, 多云 , 东风 , 小于3级
20120616,27,23, 多云转阵雨 , 东风 , 小于3级
20120617,25,22, 中雨转中到大雨 , 东风 , 小于3级
20120618,28,21, 阵雨转阴 , 西南风 , 小于3级
20120619,28,21, 阴转多云 , 东北风 , 小于3级
20120620,29,22, 阴转多云 , 东风 , 小于3级
20120621,29,23, 多云转中雨 , 东风 , 小于3级
20120622,23,20, 大到暴雨 , 西南风 , 小于3级
20120623,26,21, 大雨 , 西北风 , 小于3级
20120624,30,24, 阴转阵雨 , 东南风 , 小于3级
20120625,27,24, 中雨转暴雨 , 西南风 , 小于3级
20120626,27,23, 暴雨 , 西北风 , 小于3级
20120627,28,23, 阵雨 , 东风 , 小于3级
20120628,33,25, 多云 , 东风 , 小于3级
20120629,34,26, 多云转雷阵雨 , 西南风 , 小于3级
20120630,36,27, 雷阵雨转多云 , 西北风 , 小于3级
20120701,36,26, 晴转多云 , 西南风 , 3-4级
20120702,36,27, 晴转多云 , 西南风 , 小于3级
20120703,37,27, 晴转多云 , 西南风 , 小于3级
20120704,38,28, 晴转多云 , 西南风 , 小于3级
20120705,37,29, 晴转雷阵雨 , 西南风 , 小于3级
20120706,36,28, 多云转雷阵雨 , 西南风 , 3-4级转小于3级
20120707,36,28, 多云转雷阵雨 , 西南风 , 小于3级
20120708,37,28, 多云 , 东风 , 小于3级
20120709,37,28, 多云 , 西南风 , 小于3级
20120710,36,28, 多云转雷阵雨 , 西南风 , 小于3级
20120711,36,28, 雷阵雨 , 西南风 , 小于3级
20120712,36,29, 多云转雷阵雨 , 西北风 , 小于3级
20120713,32,26, 雷阵雨转大雨 , 东风 , 小于3级
20120714,30,25, 暴雨转大雨 , 西北风 , 小于3级
20120715,29,24, 阵雨转中雨 , 东风 , 小于3级
20120716,31,25, 阵雨 , 东风 , 小于3级
20120717,31,25, 大雨转阵雨 , 西北风 , 小于3级
20120718,32,25, 阴转雷阵雨 , 西北风 , 小于3级
20120719,34,27, 多云转雷阵雨 , 东风 , 小于3级
20120720,36,26, 多云转晴 , 西北风 , 小于3级
20120721,36,26, 晴转多云 , 西南风 , 小于3级
20120722,36,28, 晴转多云 , 东南风 , 小于3级
20120723,36,27, 晴转多云 , 东南风 , 3-4级
20120724,36,28, 晴转多云 , 东南风 , 小于3级
20120725,35,26, 晴转多云 , 东风 , 小于3级
20120726,36,27, 多云转雷阵雨 , 东风 , 小于3级
20120727,36,27, 晴转多云 , 南风 , 小于3级
20120728,37,27, 晴转多云 , 东风 , 小于3级
20120729,37,28, 晴转多云 , 东南风 , 小于3级
20120730,37,28, 晴转多云 , 东风 , 小于3级
20120731,34,27, 多云 , 东风 , 3-4级
20120801,31,26, 中雨转暴雨 , 东风 , 5-6级
20120802,30,25, 暴雨 , 东北风 , 6-7级
20120803,33,27, 阵雨转阴 , 东风 , 小于3级
20120804,33,26, 多云转阵雨 , 东风 , 3-4级
20120805,32,26, 多云转阵雨 , 西北风 , 小于3级
20120806,31,26, 阵雨转暴雨 , 北风 , 小于3级转6-7级
20120807,29,25, 暴雨 , 北风 , 7-8级转8-9级
20120808,29,24, 大雨 , 东南风 , 6-7级转4-5级
20120809,31,25, 中雨转大雨 , 南风 , 小于3级
20120810,34,27, 中雨 , 东北风 , 小于3级
20120811,34,26, 阵雨转雷阵雨 , 南风 , 小于3级
20120812,35,26, 多云转雷阵雨 , 东风 , 小于3级
20120813,35,27, 雷阵雨转多云 , 东风 , 小于3级
20120814,38,28, 多云转晴 , 东风 , 小于3级
20120815,38,29, 雷阵雨转多云 , 西北风 , 小于3级
20120816,36,27, 多云 , 东风 , 小于3级
20120817,36,28, 晴转多云 , 南风 , 小于3级
20120818,37,28, 多云 , 西风 , 小于3级
20120819,35,26, 多云 , 西风 , 小于3级
20120820,34,26, 雷阵雨转多云 , 西北风 , 小于3级
20120821,29,25, 雷阵雨转阵雨 , 西风 , 小于3级
20120822,28,22, 阵雨 , 西北风 , 4-5级
20120823,29,21, 阵雨转中雨 , 西北风 , 小于3级
20120824,30,24, 多云转雷阵雨 , 北风 , 小于3级
20120825,30,25, 阵雨转中雨 , 东北风 , 3-4级
20120826,30,25, 阵雨转中雨 , 东北风 , 小于3级转5-6级
20120827,32,25, 阵雨转多云 , 西北风 , 4-5级转3-4级
20120828,30,25, 阵雨转中雨 , 东风 , 小于3级
20120829,34,25, 多云 , 西北风 , 3-4级
20120830,34,25, 多云 , 东风 , 小于3级
20120831,33,25, 多云转晴 , 东风 , 小于3级
20120901,32,25, 多云 , 南风 , 小于3级
20120902,30,23, 多云转大雨 , 西南风 , 小于3级
20120903,26,23, 中雨 , 北风 , 小于3级
20120904,23,17, 阵雨 , 南风 , 小于3级
20120905,26,19, 阴 , 西北风 , 小于3级
20120906,29,23, 阵雨 , 东风 , 小于3级
20120907,31,24, 阴转多云 , 西南风 , 小于3级
20120908,29,24, 多云转中雨 , 东风 , 小于3级
20120909,26,21, 阵雨转小雨 , 西北风 , 小于3级
20120910,29,23, 阴转多云 , 东风 , 小于3级
20120911,32,24, 多云转阵雨 , 东风 , 小于3级
20120912,24,19, 大雨转中雨 , 北风 , 4-5级
20120913,23,17, 小雨转阴 , 西风 , 3-4级
20120914,25,17, 多云转晴 , 西北风 , 小于3级
20120915,26,18, 多云转阴 , 北风 , 3-4级转5-6级
20120916,27,18, 多云 , 北风 , 4-5级转3-4级
20120917,27,18, 晴 , 西北风 , 小于3级
20120918,28,17, 多云 , 西北风 , 小于3级
20120919,29,18, 多云 , 东北风 , 小于3级
20120920,27,18, 多云转阵雨 , 东风 , 小于3级
20120921,24,20, 中雨转小雨 , 南风 , 小于3级
20120922,25,19, 阴转多云 , 东北风 , 小于3级
20120923,27,18, 阴转多云 , 东风 , 小于3级
20120924,28,18, 多云 , 东风 , 小于3级
20120925,27,19, 多云 , 东风 , 小于3级
20120926,26,20, 多云转阴 , 东风 , 小于3级
20120927,27,21, 多云转阴 , 东风 , 小于3级
20120928,23,14, 阴转多云 , 北风 , 4-5级
20120929,25,13, 晴 , 西北风 , 3-4级转小于3级
20120930,26,13, 晴转多云 , 西北风 , 小于3级
20121001,25,13, 晴转多云 , 南风 , 小于3级
20121002,26,15, 晴转多云 , 北风 , 小于3级
20121003,26,15, 多云 , 西风 , 小于3级
20121004,26,16, 晴转多云 , 南风 , 小于3级
20121005,26,19, 小雨转多云 , 北风 , 小于3级
20121006,26,17, 晴转多云 , 东北风 , 小于3级
20121007,26,18, 多云 , 东风 , 小于3级
20121008,25,18, 多云 , 北风 , 小于3级
20121009,26,17, 晴转多云 , 西北风 , 小于3级
20121010,24,15, 晴转多云 , 西北风 , 小于3级
20121011,24,14, 晴转多云 , 东风 , 小于3级
20121012,24,16, 多云 , 东风 , 小于3级
20121013,24,19, 阴转多云 , 东风 , 小于3级
20121014,25,18, 阴转多云 , 东北风 , 小于3级
20121015,27,18, 多云转阴 , 东风 , 小于3级
20121016,22,15, 小雨转阴 , 北风 , 3-4级转4-5级
20121017,21,11, 晴转多云 , 西北风 , 3-4级转小于3级
20121018,23,11, 晴 , 东南风 , 小于3级
20121019,26,15, 多云 , 北风 , 小于3级
20121020,29,18, 多云转阴 , 北风 , 小于3级
20121021,25,17, 小雨 , 东南风 , 小于3级
20121022,22,12, 多云转晴 , 西北风 , 4-5级转小于3级
20121023,24,12, 晴转阴 , 西南风 , 小于3级
20121024,26,15, 阴转多云 , 东北风 , 小于3级
20121025,28,17, 多云 , 东北风 , 小于3级
20121026,25,19, 多云转阴 , 北风 , 小于3级
20121027,23,17, 多云 , 西北风 , 小于3级
20121028,22,17, 多云转小雨 , 东风 , 小于3级
20121029,18,14, 中雨转小雨 , 西北风 , 4-5级转小于3级
20121030,16,10, 阴转多云 , 东北风 , 小于3级
20121031,18,9, 多云转晴 , 西北风 , 小于3级
20121101,20,10, 多云 , 西北风 , 小于3级
20121102,23,12, 多云转阵雨 , 东北风 , 小于3级
20121103,18,11, 中雨转多云 , 西北风 , 4-5级转3-4级
20121104,18,8, 晴 , 西北风 , 3-4级
20121105,18,7, 晴 , 北风 , 小于3级
20121106,18,7, 晴 , 东北风 , 小于3级
20121107,16,10, 小雨 , 北风 , 小于3级
20121108,16,10, 中雨转大雨 , 西北风 , 小于3级
20121109,16,13, 中雨 , 东风 , 小于3级
20121110,15,9, 阴转多云 , 西北风 , 4-5级
20121111,16,5, 晴转多云 , 西南风 , 3-4级转小于3级
20121112,19,6, 晴转多云 , 西南风 , 小于3级
20121113,16,7, 晴转多云 , 北风 , 小于3级
20121114,16,7, 多云转阴 , 东南风 , 小于3级
20121115,14,11, 小雨转大雨 , 东风 , 小于3级
20121116,15,9, 小雨转多云 , 北风 , 3-4级转小于3级
20121117,16,5, 晴 , 西南风 , 小于3级
20121118,17,5, 晴 , 西南风 , 小于3级
20121119,17,8, 晴转阴 , 东北风 , 小于3级
20121120,14,11, 小雨转中雨 , 北风 , 小于3级
20121121,16,12, 小雨转中雨 , 北风 , 小于3级
20121122,12,6, 阴转小雨 , 北风 , 小于3级
20121123,11,5, 阴转多云 , 南风 , 小于3级
20121124,13,8, 小雨转中雨 , 东南风 , 小于3级
20121125,10,5, 小雨转多云 , 北风 , 4-5级
20121126,12,3, 多云 , 北风 , 小于3级
20121127,13,7, 阴转小雨 , 南风 , 小于3级
20121128,13,8, 小雨转阴 , 西风 , 3-4级转小于3级
20121129,13,9, 小雨转阴 , 西风 , 小于3级
20121130,11,9, 小雨转中雨 , 东北风 , 小于3级
20121201,12,8, 中雨转小雨 , 北风 , 小于3级
20121202,12,5, 阴转多云 , 东北风 , 小于3级
20121203,11,3, 晴转多云 , 北风 , 小于3级
20121204,12,5, 阴转多云 , 东风 , 小于3级转4-5级
20121205,12,2, 晴转多云 , 南风 , 4-5级转3-4级
20121206,16,3, 晴转多云 , 西北风 , 小于3级
20121207,13,4, 晴转多云 , 北风 , 小于3级
20121211,10,4, 多云 , 北风 , 小于3级
20121212,15,5, 多云转阴 , 东风 , 小于3级
20121213,18,10, 小雨 , 东南风 , 小于3级
20121214,14,12, 中雨 , 东北风 , 小于3级
20121215,10,7, 小雨 , 南风 , 小于3级
20121216,9,6, 小雨转阴 , 西北风 , 小于3级
20121217,6,2, 雨夹雪转阴 , 北风 , 小于3级
20121218,7,-1, 多云 , 北风 , 小于3级
20121219,9,2, 多云转小雨 , 南风 , 小于3级
20121220,9,5, 中雨转小雨 , 南风 , 小于3级
20121221,7,4, 小雨 , 南风 , 3-4级
20121222,5,0, 阴转多云 , 西北风 , 3-4级
20121223,6,-3, 晴 , 西北风 , 3-4级转小于3级
20121224,9,-1, 晴转多云 , 南风 , 小于3级
20121225,6,3, 小雨 , 东风 , 小于3级
20121226,9,4, 小雨转大雨 , 北风 , 小于3级
20121227,9,5, 中雨转阴 , 北风 , 小于3级
20121228,7,0, 小雨转雨夹雪 , 东北风 , 小于3级转4-5级
20121229,1,-3, 中雪转阴 , 西北风 , 4-5级
20121230,5,-4, 晴 , 西南风 , 小于3级
20121231,9,-1, 晴 , 西南风 , 小于3级
20130101,7,0, 多云转阴 , 东风 , 小于3级
20130102,3,0, 阴 , 东北风 , 4-5级转3-4级
20130103,0,-2, 小雪转中雪 , 南风 , 小于3级
20130104,2,-2, 大雪转小雪 , 西北风 , 小于3级
20130105,2,-1, 雨夹雪转阴 , 西北风 , 小于3级
20130106,4,-1, 雨夹雪转小雨 , 西南风 , 小于3级
20130107,4,0, 阴 , 西风 , 小于3级
20130108,4,1, 阴 , 西南风 , 3-4级
20130109,8,0, 多云 , 西北风 , 小于3级
20130110,8,1, 多云 , 南风 , 小于3级
20130111,8,0, 多云转阴 , 西南风 , 小于3级
20130112,6,4, 大雨转中雨 , 西南风 , 小于3级转3-4级
20130113,9,3, 阴转多云 , 西北风 , 小于3级转3-4级
20130114,11,2, 多云 , 东北风 , 小于3级
20130115,9,2, 阴转多云 , 南风 , 小于3级转3-4级
20130116,5,2, 多云 , 北风 , 3-4级
20130117,5,-3, 晴 , 北风 , 小于3级
20130118,10,-1, 晴转多云 , 北风 , 小于3级
20130119,13,4, 多云 , 南风 , 小于3级
20130120,12,8, 阴转小雨 , 北风 , 小于3级
20130121,7,4, 小雨 , 北风 , 3-4级
20130122,10,2, 阴转多云 , 南风 , 小于3级
20130123,13,4, 多云 , 东南风 , 小于3级转3-4级
20130124,10,1, 多云转晴 , 北风 , 小于3级
20130125,13,3, 晴 , 北风 , 小于3级
20130126,13,1, 多云转晴 , 东北风 , 小于3级
20130127,13,1, 晴转多云 , 南风 , 小于3级
20130128,15,6, 阴 , 北风 , 小于3级
20130129,18,7, 多云转晴 , 北风 , 小于3级
20130130,19,7, 多云转阴 , 南风 , 小于3级
20130131,17,13, 中雨转小雨 , 西南风 , 小于3级
20130201,12,7, 小雨转阴 , 北风 , 3-4级
20130202,15,5, 阴转小雨 , 东风 , 3-4级转小于3级
20130203,11,8, 小雨 , 南风 , 小于3级
20130204,9,6, 中雨 , 东风 , 3-4级
20130205,9,5, 阴 , 北风 , 小于3级
20130206,5,1, 小雨转中雪 , 南风 , 小于3级
20130207,1,-2, 大雪 , 东北风 , 3-4级转小于3级
20130208,1,-2, 中雪转雨夹雪 , 南风 , 小于3级
20130209,6,-1, 多云 , 西风 , 小于3级
20130210,7,3, 阴转小雨 , 东风 , 小于3级
20130211,6,3, 中雨转阴 , 东风 , 小于3级
20130212,9,2, 阴转多云 , 北风 , 小于3级
20130213,8,5, 小雨 , 北风 , 小于3级
20130214,7,4, 小雨转多云 , 北风 , 小于3级
20130215,12,2, 多云 , 西北风 , 小于3级
20130216,13,6, 阵雨 , 北风 , 小于3级
20130217,11,6, 阵雨转中雨 , 东北风 , 小于3级转5-6级
20130218,5,1, 雨夹雪转中雪 , 东北风 , 4-5级转3-4级
20130219,6,-1, 阴转小雨 , 西北风 , 小于3级
20130220,10,2, 多云转小雨 , 北风 , 小于3级
20130221,10,5, 小雨转阴 , 东风 , 小于3级
20130222,14,3, 多云转晴 , 西南风 , 小于3级
20130223,15,4, 晴转多云 , 东风 , 小于3级
20130224,18,10, 多云转小雨 , 南风 , 小于3级
20130225,16,12, 中雨 , 东北风 , 小于3级
20130226,14,9, 阴 , 东北风 , 小于3级
20130227,21,8, 阴转多云 , 东风 , 小于3级
20130228,15,3, 中雨转大雨 , 西南风 , 5-6级
20130301,7,1, 小雨转阴 , 东风 , 3-4级转小于3级
20130302,12,0, 多云转晴 , 北风 , 小于3级
20130303,17,4, 晴 , 西南风 , 小于3级
20130304,20,6, 晴转多云 , 东北风 , 小于3级
20130305,23,10, 晴转多云 , 西南风 , 小于3级
20130306,23,11, 多云转晴 , 西南风 , 小于3级
20130307,28,12, 晴 , 西南风 , 小于3级
20130308,30,16, 晴转多云 , 西南风 , 3-4级转小于3级
20130309,10,6, 阵雨 , 西南风 , 5-6级转4-5级
20130310,15,6, 阴转多云 , 东风 , 小于3级
20130311,24,7, 多云 , 东北风 , 小于3级
20130312,20,7, 大雨 , 北风 , 5-6级
20130313,11,2, 阴转多云 , 北风 , 小于3级
20130314,17,4, 晴转多云 , 东风 , 小于3级
20130315,21,8, 多云转阵雨 , 东风 , 3-4级
20130316,21,12, 中雨 , 东北风 , 小于3级
20130317,22,12, 暴雨转多云 , 北风 , 小于3级
20130318,22,13, 多云转中雨 , 西南风 , 小于3级
20130319,16,10, 中雨转阴 , 西南风 , 小于3级
20130320,15,3, 阴转多云 , 东北风 , 小于3级
20130321,21,10, 中雨转阵雨 , 南风 , 小于3级
20130322,17,9, 雷阵雨转大雨 , 东北风 , 小于3级转3-4级
20130323,13,8, 中雨转小雨 , 北风 , 小于3级
20130324,12,5, 阴转多云 , 东北风 , 3-4级
20130325,10,7, 中雨转阵雨 , 东风 , 小于3级
20130326,17,5, 阴转多云 , 西北风 , 小于3级
20130327,19,8, 多云转阴 , 北风 , 小于3级
20130328,15,11, 阵雨转阴 , 东风 , 小于3级
20130329,18,9, 多云转阴 , 东风 , 小于3级
20130330,18,10, 阴转多云 , 东北风 , 小于3级
20130331,17,9, 多云转阵雨 , 东风 , 小于3级
20130401,17,12, 阴转多云 , 西南风 , 小于3级
20130402,19,8, 多云 , 北风 , 小于3级
20130403,22,11, 阴转多云 , 东风 , 小于3级
20130404,20,15, 阴转阵雨 , 东风 , 小于3级
20130405,16,9, 中雨转小雨 , 北风 , 5-6级
20130406,17,5, 多云转晴 , 西北风 , 3-4级
20130407,22,8, 晴转多云 , 东南风 , 小于3级
20130408,19,10, 多云 , 西北风 , 3-4级
20130409,20,10, 多云转晴 , 东北风 , 小于3级
20130410,22,10, 晴 , 北风 , 小于3级
20130411,24,11, 晴 , 南风 , 小于3级
20130412,28,14, 晴转多云 , 南风 , 小于3级
20130413,28,15, 多云 , 西南风 , 小于3级
20130414,31,14, 晴 , 东风 , 3-4级
20130415,29,18, 多云转阵雨 , 西南风 , 小于3级
20130416,26,17, 阵雨转多云 , 西南风 , 小于3级
20130417,24,17, 多云转阴 , 南风 , 小于3级转4-5级
20130418,15,10, 阴 , 东北风 , 4-5级转3-4级
20130419,12,8, 中雨 , 东风 , 小于3级
20130420,16,6, 多云转晴 , 北风 , 3-4级转小于3级
20130421,21,9, 晴转阵雨 , 东风 , 小于3级
20130422,20,13, 阵雨转中雨 , 南风 , 小于3级
20130423,21,13, 中雨转阴 , 西南风 , 小于3级
20130424,26,13, 多云转晴 , 南风 , 小于3级
20130425,28,12, 晴 , 西北风 , 3-4级
20130426,29,14, 晴 , 北风 , 3-4级
20130427,29,15, 晴转多云 , 西南风 , 小于3级
20130428,29,18, 多云转雷阵雨 , 南风 , 小于3级
20130429,22,13, 暴雨 , 东北风 , 4-5级转小于3级
20130430,23,11, 阴转多云 , 北风 , 3-4级转小于3级
20130501,25,13, 晴转多云 , 北风 , 小于3级
20130502,26,14, 晴转多云 , 东风 , 小于3级
20130503,27,15, 多云 , 东北风 , 小于3级
20130504,25,15, 多云转阴 , 东风 , 小于3级
20130505,23,18, 阵雨 , 北风 , 小于3级
20130506,22,18, 阵雨 , 东风 , 小于3级
20130507,22,19, 阵雨 , 东南风 , 小于3级
20130508,24,18, 阵雨转中雨 , 南风 , 小于3级
20130509,27,19, 中雨转多云 , 西北风 , 小于3级
20130510,29,19, 阴转多云 , 西北风 , 小于3级
20130511,31,18, 晴 , 南风 , 小于3级
20130512,33,19, 晴 , 东风 , 小于3级
20130513,33,19, 晴转多云 , 东南风 , 小于3级
20130514,28,22, 多云转阵雨 , 东风 , 小于3级
20130515,22,19, 暴雨转中雨 , 北风 , 3-4级
20130516,23,19, 阵雨 , 东北风 , 小于3级
20130517,23,19, 小雨转中雨 , 东风 , 小于3级
20130518,27,20, 阵雨转多云 , 西北风 , 小于3级
20130519,31,21, 多云 , 西南风 , 小于3级
20130520,32,20, 多云 , 北风 , 小于3级
20130521,32,20, 晴转多云 , 东风 , 小于3级
20130522,28,22, 多云转阴 , 东北风 , 小于3级
20130523,31,21, 阴转多云 , 东北风 , 小于3级
20130524,34,23, 多云转晴 , 东北风 , 小于3级
20130525,28,23, 多云转阵雨 , 南风 , 小于3级转3-4级
20130526,28,23, 中雨转小雨 , 南风 , 4-5级转3-4级
20130527,33,21, 多云转晴 , 西北风 , 小于3级
20130528,34,22, 晴转阵雨 , 东风 , 3-4级
20130529,27,21, 中雨转大雨 , 北风 , 4-5级转小于3级
20130530,26,17, 小雨转阵雨 , 西北风 , 4-5级转小于3级
20130531,26,21, 阴转阵雨 , 西南风 , 小于3级
20130601,25,20, 中雨转小雨 , 东北风 , 小于3级
20130602,29,17, 阴转多云 , 西南风 , 小于3级
20130603,30,18, 晴转多云 , 东风 , 小于3级
20130604,29,20, 多云 , 北风 , 小于3级
20130605,32,21, 多云 , 东风 , 小于3级
20130606,25,22, 中雨转暴雨 , 西风 , 小于3级
20130607,24,22, 中雨转阴 , 西北风 , 小于3级转4-5级
20130608,26,20, 阴转多云 , 西北风 , 4-5级
20130609,25,19, 阴 , 北风 , 小于3级
20130610,25,20, 小雨 , 西北风 , 3-4级转小于3级
20130611,26,19, 小雨转多云 , 西北风 , 小于3级
20130612,26,19, 阴转多云 , 北风 , 小于3级
20130613,25,19, 阴转小雨 , 东风 , 小于3级转3-4级
20130614,29,20, 阵雨 , 西风 , 小于3级
20130615,34,24, 多云转雷阵雨 , 东风 , 小于3级
20130616,35,25, 多云转晴 , 西南风 , 小于3级
20130617,36,26, 多云转雷阵雨 , 北风 , 小于3级
20130618,36,27, 多云转雷阵雨 , 西南风 , 小于3级
20130619,33,26, 多云转雷阵雨 , 西南风 , 小于3级
20130620,31,23, 阴转多云 , 东北风 , 3-4级转小于3级
20130621,31,25, 多云转阵雨 , 东风 , 小于3级
20130622,31,25, 多云转雷阵雨 , 东北风 , 小于3级
20130623,31,26, 阵雨转中雨 , 北风 , 3-4级
20130624,31,25, 阵雨转大雨 , 北风 , 小于3级
20130625,30,25, 中雨 , 西南风 , 3-4级
20130626,25,23, 大雨转暴雨 , 西风 , 小于3级
20130627,25,22, 大雨 , 西北风 , 小于3级
20130628,27,22, 大雨 , 东北风 , 小于3级
20130629,31,23, 阵雨转雷阵雨 , 北风 , 小于3级
20130630,35,25, 多云 , 西南风 , 小于3级
20130701,37,26, 多云转晴 , 西南风 , 小于3级
20130702,37,27, 晴 , 西南风 , 4-5级转3-4级
20130703,37,28, 晴转多云 , 西南风 , 小于3级
20130704,35,27, 多云转雷阵雨 , 西风 , 小于3级
20130705,34,25, 雷阵雨转阵雨 , 东北风 , 3-4级
20130706,35,27, 多云 , 西南风 , 小于3级
20130707,36,27, 多云 , 西南风 , 小于3级
20130708,37,28, 多云转晴 , 南风 , 小于3级
20130709,38,28, 晴转多云 , 西南风 , 小于3级
20130710,38,28, 晴 , 东风 , 小于3级
20130711,36,28, 晴转多云 , 东南风 , 小于3级转3-4级
20130712,33,26, 多云转阵雨 , 东风 , 4-5级转5-6级
20130713,36,27, 阵雨转多云 , 东风 , 5-6级转4-5级
20130714,37,28, 多云 , 南风 , 5-6级转4-5级
20130715,37,28, 多云 , 西南风 , 3-4级
20130716,37,28, 多云 , 南风 , 3-4级转小于3级
20130717,37,28, 晴 , 南风 , 3-4级
20130718,37,27, 晴转多云 , 南风 , 小于3级
20130719,36,28, 晴转多云 , 南风 , 小于3级
20130720,34,26, 多云转雷阵雨 , 西北风 , 3-4级转小于3级
20130721,36,26, 多云 , 西南风 , 3-4级转小于3级
20130722,38,27, 多云转晴 , 西南风 , 3-4级
20130723,39,28, 晴 , 西南风 , 小于3级
20130724,40,30, 晴 , 东风 , 小于3级
20130725,39,30, 晴 , 西南风 , 小于3级
20130726,39,29, 晴 , 东风 , 小于3级
20130727,40,29, 晴 , 南风 , 小于3级
20130728,40,30, 晴转多云 , 西北风 , 小于3级
20130729,39,30, 晴转多云 , 东北风 , 小于3级
20130730,40,30, 多云转晴 , 南风 , 小于3级
20130731,39,28, 多云转晴 , 北风 , 4-5级转小于3级
20130801,39,27, 多云转晴 , 南风 , 小于3级
20130802,36,26, 多云 , 南风 , 小于3级
20130803,37,27, 多云 , 西南风 , 小于3级
20130804,38,28, 多云 , 西北风 , 小于3级
20130805,40,29, 晴 , 西南风 , 3-4级转小于3级
20130806,40,30, 晴 , 南风 , 小于3级
20130807,40,30, 晴 , 东南风 , 小于3级
20130808,40,30, 晴 , 南风 , 小于3级
20130809,41,31, 晴 , 东南风 , 小于3级
20130810,40,30, 晴 , 西风 , 3-4级转小于3级
20130811,40,29, 晴 , 东北风 , 小于3级
20130812,39,28, 晴 , 东风 , 小于3级
20130813,39,29, 晴 , 南风 , 小于3级
20130814,37,28, 晴转多云 , 南风 , 小于3级
20130815,37,29, 晴转多云 , 东风 , 3-4级转小于3级
20130816,37,28, 多云 , 东风 , 小于3级
20130817,37,28, 多云 , 东北风 , 小于3级
20130818,33,26, 雷阵雨转阵雨 , 东北风 , 3-4级转小于3级
20130819,34,27, 多云 , 东风 , 小于3级
20130820,33,27, 阵雨 , 东风 , 3-4级
20130821,32,28, 中雨 , 东北风 , 5-6级
20130822,34,27, 阴转多云 , 东风 , 小于3级
20130823,35,27, 多云转雷阵雨 , 南风 , 小于3级
20130824,31,28, 多云转中雨 , 西北风 , 小于3级
20130825,29,26, 中雨 , 西风 , 3-4级
20130826,33,24, 雷阵雨 , 东风 , 小于3级
20130827,35,26, 阴转多云 , 东风 , 小于3级
20130828,35,26, 多云 , 西南风 , 小于3级
20130829,32,27, 阵雨转中雨 , 西北风 , 3-4级转4-5级
20130830,29,24, 阴转多云 , 东北风 , 4-5级
20130831,30,21, 多云 , 东北风 , 小于3级
20130901,29,22, 多云 , 东风 , 小于3级
20130902,30,21, 晴转多云 , 东北风 , 小于3级
20130903,30,21, 多云 , 东北风 , 4-5级转3-4级
20130904,28,21, 多云 , 东风 , 小于3级
20130905,23,20, 阵雨 , 北风 , 小于3级
20130906,24,19, 小雨 , 北风 , 小于3级
20130907,28,21, 阴转多云 , 西北风 , 小于3级
20130908,32,22, 多云 , 东风 , 小于3级
20130909,35,24, 晴转多云 , 东风 , 小于3级
20130910,34,25, 多云转阵雨 , 西北风 , 小于3级
20130911,34,25, 多云 , 西南风 , 小于3级
20130912,34,24, 多云转雷阵雨 , 西北风 , 小于3级
20130913,32,25, 雷阵雨转阵雨 , 西南风 , 小于3级
20130914,32,23, 多云 , 北风 , 小于3级
20130915,31,22, 多云转晴 , 东北风 , 小于3级
20130916,30,22, 晴 , 东风 , 小于3级
20130917,30,22, 多云 , 东风 , 小于3级
20130918,30,21, 多云 , 东风 , 3-4级
20130919,30,22, 多云 , 东风 , 小于3级
20130920,28,23, 阵雨 , 东风 , 小于3级
20130921,28,24, 阵雨转中雨 , 东风 , 小于3级
20130922,31,26, 阴转多云 , 东风 , 4-5级转3-4级
20130923,32,25, 多云 , 南风 , 小于3级
20130924,27,20, 中雨 , 北风 , 5-6级
20130925,24,18, 阴转多云 , 西北风 , 4-5级转3-4级
20130926,26,17, 多云 , 北风 , 小于3级
20130927,25,19, 小雨转阵雨 , 东风 , 小于3级
20130928,25,19, 阵雨转阴 , 西风 , 小于3级
20130929,27,19, 多云 , 西北风 , 小于3级
20130930,28,18, 多云转晴 , 北风 , 小于3级
20131001,26,18, 多云 , 西北风 , 小于3级转3-4级
20131002,26,16, 多云转晴 , 东北风 , 3-4级转小于3级
20131003,26,16, 晴转多云 , 东北风 , 小于3级
20131004,26,16, 晴转多云 , 东风 , 小于3级
20131005,24,18, 阵雨转中雨 , 东北风 , 小于3级
20131006,23,21, 暴雨 , 北风 , 7-8级
20131007,24,21, 大雨转中雨 , 北风 , 4-5级转3-4级
20131008,24,19, 小雨转阴 , 西北风 , 小于3级
20131009,28,19, 阴转多云 , 南风 , 小于3级
20131010,31,20, 晴 , 西南风 , 小于3级
20131011,28,19, 多云转晴 , 东风 , 小于3级
20131012,28,18, 多云转晴 , 东风 , 小于3级
20131013,28,18, 多云转晴 , 东风 , 小于3级
20131014,28,14, 多云~小雨 , 西风 , 小于3级
20131015,18,11, 阴转多云 , 西北风 , 5-6级转4-5级
20131016,20,12, 多云转阴 , 北风 , 小于3级
20131017,21,15, 多云转阴 , 西北风 , 小于3级
20131018,22,16, 阴转小雨 , 北风 , 小于3级
20131019,22,16, 阴 , 西风 , 小于3级
20131020,23,14, 多云转晴 , 西北风 , 小于3级
20131021,21,13, 多云 , 西北风 , 小于3级
20131022,22,13, 多云 , 西北风 , 小于3级
20131023,22,14, 多云 , 西北风 , 小于3级
20131024,18,11, 多云 , 北风 , 4-5级
20131025,19,9, 晴 , 西北风 , 4-5级转小于3级
20131026,20,10, 晴转多云 , 西北风 , 小于3级
20131027,23,11, 晴转多云 , 东风 , 小于3级
20131028,25,13, 晴转多云 , 西北风 , 小于3级
20131029,24,15, 多云 , 东南风 , 小于3级
20131030,23,18, 小雨 , 东北风 , 小于3级
20131031,23,17, 阴转多云 , 东风 , 小于3级
20131101,22,17, 多云转小雨 , 东北风 , 小于3级
20131102,22,18, 阴转小雨 , 东北风 , 小于3级
20131103,21,15, 阴转多云 , 西北风 , 小于3级
20131104,22,11, 晴转多云 , 西北风 , 小于3级
20131105,24,12, 多云转阴 , 南风 , 小于3级转3-4级
20131106,23,13, 多云转晴 , 北风 , 小于3级
20131107,25,13, 晴转多云 , 西南风 , 小于3级
20131108,28,16, 多云 , 西北风 , 小于3级
20131109,23,15, 阵雨转小雨 , 西南风 , 4-5级转5-6级
20131110,15,11, 阴 , 西北风 , 3-4级转小于3级
20131111,15,11, 阴转小雨 , 北风 , 3-4级转小于3级
20131112,15,10, 小雨转阴 , 北风 , 小于3级
20131113,16,13, 小雨 , 西北风 , 小于3级
20131114,18,10, 阴转多云 , 西南风 , 小于3级
20131115,20,8, 晴 , 西北风 , 小于3级
20131116,15,8, 晴 , 西北风 , 3-4级
20131117,16,6, 晴 , 西北风 , 3-4级转小于3级
20131118,16,4, 晴 , 南风 , 小于3级
20131119,18,6, 晴 , 南风 , 小于3级
20131120,21,8, 晴转多云 , 西北风 , 小于3级
20131121,20,9, 多云 , 西南风 , 小于3级
20131122,21,9, 晴转多云 , 西风 , 小于3级
20131123,16,12, 多云转中雨 , 南风 , 小于3级转4-5级
20131124,15,5, 阴转多云 , 西风 , 5-6级转小于3级
20131125,15,4, 晴 , 西南风 , 小于3级
20131126,11,5, 多云 , 西北风 , 3-4级转5-6级
20131127,9,1, 多云 , 北风 , 5-6级转4-5级
20131128,10,-1, 晴 , 西北风 , 小于3级
20131129,14,1, 晴 , 西南风 , 小于3级
20131130,13,4, 晴 , 南风 , 小于3级转3-4级
20131201,17,3, 晴 , 西南风 , 小于3级
20131202,18,5, 晴转多云 , 南风 , 小于3级
20131203,16,8, 多云 , 西北风 , 3-4级
20131204,17,7, 多云转晴 , 东南风 , 小于3级
20131205,16,8, 多云 , 西北风 , 3-4级转小于3级
20131206,16,5, 雾转霾 , 北风 , 小于3级
20131207,17,7, 雾转霾 , 西北风 , 小于3级
20131208,14,9, 霾转阴 , 南风 , 小于3级转5-6级
20131209,9,2, 多云转晴 , 西北风 , 4-5级转小于3级
20131210,12,3, 晴转多云 , 西北风 , 3-4级转小于3级
20131211,13,4, 晴转多云 , 东风 , 小于3级
20131212,13,3, 阴转多云 , 南风 , 小于3级转3-4级
20131213,14,5, 多云 , 东风 , 小于3级
20131214,10,7, 阴转阵雨 , 西北风 , 小于3级
20131215,10,5, 小雨转中雨 , 东南风 , 小于3级
20131216,6,4, 大雨转中雨 , 西北风 , 小于3级
20131217,6,1, 雨夹雪 , 西北风 , 小于3级转4-5级
20131218,8,-1, 多云转晴 , 西北风 , 3-4级转小于3级
20131219,7,0, 多云转晴 , 西风 , 小于3级
20131220,6,-2, 多云 , 西北风 , 3-4级
20131221,7,-2, 晴 , 西北风 , 小于3级
20131222,8,-2, 晴转多云 , 西北风 , 小于3级
20131223,8,0, 晴转多云 , 西北风 , 小于3级
20131224,9,0, 晴转多云 , 西北风 , 小于3级
20131225,9,0, 多云转阴 , 西北风 , 3-4级转4-5级
20131226,5,-1, 阴转多云 , 北风 , 4-5级转小于3级
20131227,5,-4, 晴 , 西北风 , 3-4级转小于3级
20131228,7,-4, 晴 , 西南风 , 小于3级
20131229,10,-2, 多云转晴 , 西风 , 小于3级
20131230,10,0, 晴 , 西南风 , 小于3级
20131231,16,2, 晴 , 南风 , 小于3级
20130101,7,0, 多云转阴 , 东风 , 小于3级
20130102,3,0, 阴 , 东北风 , 4-5级转3-4级
20130103,0,-2, 小雪转中雪 , 南风 , 小于3级
20130104,2,-2, 大雪转小雪 , 西北风 , 小于3级
20130105,2,-1, 雨夹雪转阴 , 西北风 , 小于3级
20130106,4,-1, 雨夹雪转小雨 , 西南风 , 小于3级
20130107,4,0, 阴 , 西风 , 小于3级
20130108,4,1, 阴 , 西南风 , 3-4级
20130109,8,0, 多云 , 西北风 , 小于3级
20130110,8,1, 多云 , 南风 , 小于3级
20130111,8,0, 多云转阴 , 西南风 , 小于3级
20130112,6,4, 大雨转中雨 , 西南风 , 小于3级转3-4级
20130113,9,3, 阴转多云 , 西北风 , 小于3级转3-4级
20130114,11,2, 多云 , 东北风 , 小于3级
20130115,9,2, 阴转多云 , 南风 , 小于3级转3-4级
20130116,5,2, 多云 , 北风 , 3-4级
20130117,5,-3, 晴 , 北风 , 小于3级
20130118,10,-1, 晴转多云 , 北风 , 小于3级
20130119,13,4, 多云 , 南风 , 小于3级
20130120,12,8, 阴转小雨 , 北风 , 小于3级
20130121,7,4, 小雨 , 北风 , 3-4级
20130122,10,2, 阴转多云 , 南风 , 小于3级
20130123,13,4, 多云 , 东南风 , 小于3级转3-4级
20130124,10,1, 多云转晴 , 北风 , 小于3级
20130125,13,3, 晴 , 北风 , 小于3级
20130126,13,1, 多云转晴 , 东北风 , 小于3级
20130127,13,1, 晴转多云 , 南风 , 小于3级
20130128,15,6, 阴 , 北风 , 小于3级
20130129,18,7, 多云转晴 , 北风 , 小于3级
20130130,19,7, 多云转阴 , 南风 , 小于3级
20130131,17,13, 中雨转小雨 , 西南风 , 小于3级
20130201,12,7, 小雨转阴 , 北风 , 3-4级
20130202,15,5, 阴转小雨 , 东风 , 3-4级转小于3级
20130203,11,8, 小雨 , 南风 , 小于3级
20130204,9,6, 中雨 , 东风 , 3-4级
20130205,9,5, 阴 , 北风 , 小于3级
20130206,5,1, 小雨转中雪 , 南风 , 小于3级
20130207,1,-2, 大雪 , 东北风 , 3-4级转小于3级
20130208,1,-2, 中雪转雨夹雪 , 南风 , 小于3级
20130209,6,-1, 多云 , 西风 , 小于3级
20130210,7,3, 阴转小雨 , 东风 , 小于3级
20130211,6,3, 中雨转阴 , 东风 , 小于3级
20130212,9,2, 阴转多云 , 北风 , 小于3级
20130213,8,5, 小雨 , 北风 , 小于3级
20130214,7,4, 小雨转多云 , 北风 , 小于3级
20130215,12,2, 多云 , 西北风 , 小于3级
20130216,13,6, 阵雨 , 北风 , 小于3级
20130217,11,6, 阵雨转中雨 , 东北风 , 小于3级转5-6级
20130218,5,1, 雨夹雪转中雪 , 东北风 , 4-5级转3-4级
20130219,6,-1, 阴转小雨 , 西北风 , 小于3级
20130220,10,2, 多云转小雨 , 北风 , 小于3级
20130221,10,5, 小雨转阴 , 东风 , 小于3级
20130222,14,3, 多云转晴 , 西南风 , 小于3级
20130223,15,4, 晴转多云 , 东风 , 小于3级
20130224,18,10, 多云转小雨 , 南风 , 小于3级
20130225,16,12, 中雨 , 东北风 , 小于3级
20130226,14,9, 阴 , 东北风 , 小于3级
20130227,21,8, 阴转多云 , 东风 , 小于3级
20130228,15,3, 中雨转大雨 , 西南风 , 5-6级
20130301,7,1, 小雨转阴 , 东风 , 3-4级转小于3级
20130302,12,0, 多云转晴 , 北风 , 小于3级
20130303,17,4, 晴 , 西南风 , 小于3级
20130304,20,6, 晴转多云 , 东北风 , 小于3级
20130305,23,10, 晴转多云 , 西南风 , 小于3级
20130306,23,11, 多云转晴 , 西南风 , 小于3级
20130307,28,12, 晴 , 西南风 , 小于3级
20130308,30,16, 晴转多云 , 西南风 , 3-4级转小于3级
20130309,10,6, 阵雨 , 西南风 , 5-6级转4-5级
20130310,15,6, 阴转多云 , 东风 , 小于3级
20130311,24,7, 多云 , 东北风 , 小于3级
20130312,20,7, 大雨 , 北风 , 5-6级
20130313,11,2, 阴转多云 , 北风 , 小于3级
20130314,17,4, 晴转多云 , 东风 , 小于3级
20130315,21,8, 多云转阵雨 , 东风 , 3-4级
20130316,21,12, 中雨 , 东北风 , 小于3级
20130317,22,12, 暴雨转多云 , 北风 , 小于3级
20130318,22,13, 多云转中雨 , 西南风 , 小于3级
20130319,16,10, 中雨转阴 , 西南风 , 小于3级
20130320,15,3, 阴转多云 , 东北风 , 小于3级
20130321,21,10, 中雨转阵雨 , 南风 , 小于3级
20130322,17,9, 雷阵雨转大雨 , 东北风 , 小于3级转3-4级
20130323,13,8, 中雨转小雨 , 北风 , 小于3级
20130324,12,5, 阴转多云 , 东北风 , 3-4级
20130325,10,7, 中雨转阵雨 , 东风 , 小于3级
20130326,17,5, 阴转多云 , 西北风 , 小于3级
20130327,19,8, 多云转阴 , 北风 , 小于3级
20130328,15,11, 阵雨转阴 , 东风 , 小于3级
20130329,18,9, 多云转阴 , 东风 , 小于3级
20130330,18,10, 阴转多云 , 东北风 , 小于3级
20130331,17,9, 多云转阵雨 , 东风 , 小于3级
20130401,17,12, 阴转多云 , 西南风 , 小于3级
20130402,19,8, 多云 , 北风 , 小于3级
20130403,22,11, 阴转多云 , 东风 , 小于3级
20130404,20,15, 阴转阵雨 , 东风 , 小于3级
20130405,16,9, 中雨转小雨 , 北风 , 5-6级
20130406,17,5, 多云转晴 , 西北风 , 3-4级
20130407,22,8, 晴转多云 , 东南风 , 小于3级
20130408,19,10, 多云 , 西北风 , 3-4级
20130409,20,10, 多云转晴 , 东北风 , 小于3级
20130410,22,10, 晴 , 北风 , 小于3级
20130411,24,11, 晴 , 南风 , 小于3级
20130412,28,14, 晴转多云 , 南风 , 小于3级
20130413,28,15, 多云 , 西南风 , 小于3级
20130414,31,14, 晴 , 东风 , 3-4级
20130415,29,18, 多云转阵雨 , 西南风 , 小于3级
20130416,26,17, 阵雨转多云 , 西南风 , 小于3级
20130417,24,17, 多云转阴 , 南风 , 小于3级转4-5级
20130418,15,10, 阴 , 东北风 , 4-5级转3-4级
20130419,12,8, 中雨 , 东风 , 小于3级
20130420,16,6, 多云转晴 , 北风 , 3-4级转小于3级
20130421,21,9, 晴转阵雨 , 东风 , 小于3级
20130422,20,13, 阵雨转中雨 , 南风 , 小于3级
20130423,21,13, 中雨转阴 , 西南风 , 小于3级
20130424,26,13, 多云转晴 , 南风 , 小于3级
20130425,28,12, 晴 , 西北风 , 3-4级
20130426,29,14, 晴 , 北风 , 3-4级
20130427,29,15, 晴转多云 , 西南风 , 小于3级
20130428,29,18, 多云转雷阵雨 , 南风 , 小于3级
20130429,22,13, 暴雨 , 东北风 , 4-5级转小于3级
20130430,23,11, 阴转多云 , 北风 , 3-4级转小于3级
20130501,25,13, 晴转多云 , 北风 , 小于3级
20130502,26,14, 晴转多云 , 东风 , 小于3级
20130503,27,15, 多云 , 东北风 , 小于3级
20130504,25,15, 多云转阴 , 东风 , 小于3级
20130505,23,18, 阵雨 , 北风 , 小于3级
20130506,22,18, 阵雨 , 东风 , 小于3级
20130507,22,19, 阵雨 , 东南风 , 小于3级
20130508,24,18, 阵雨转中雨 , 南风 , 小于3级
20130509,27,19, 中雨转多云 , 西北风 , 小于3级
20130510,29,19, 阴转多云 , 西北风 , 小于3级
20130511,31,18, 晴 , 南风 , 小于3级
20130512,33,19, 晴 , 东风 , 小于3级
20130513,33,19, 晴转多云 , 东南风 , 小于3级
20130514,28,22, 多云转阵雨 , 东风 , 小于3级
20130515,22,19, 暴雨转中雨 , 北风 , 3-4级
20130516,23,19, 阵雨 , 东北风 , 小于3级
20130517,23,19, 小雨转中雨 , 东风 , 小于3级
20130518,27,20, 阵雨转多云 , 西北风 , 小于3级
20130519,31,21, 多云 , 西南风 , 小于3级
20130520,32,20, 多云 , 北风 , 小于3级
20130521,32,20, 晴转多云 , 东风 , 小于3级
20130522,28,22, 多云转阴 , 东北风 , 小于3级
20130523,31,21, 阴转多云 , 东北风 , 小于3级
20130524,34,23, 多云转晴 , 东北风 , 小于3级
20130525,28,23, 多云转阵雨 , 南风 , 小于3级转3-4级
20130526,28,23, 中雨转小雨 , 南风 , 4-5级转3-4级
20130527,33,21, 多云转晴 , 西北风 , 小于3级
20130528,34,22, 晴转阵雨 , 东风 , 3-4级
20130529,27,21, 中雨转大雨 , 北风 , 4-5级转小于3级
20130530,26,17, 小雨转阵雨 , 西北风 , 4-5级转小于3级
20130531,26,21, 阴转阵雨 , 西南风 , 小于3级
20130601,25,20, 中雨转小雨 , 东北风 , 小于3级
20130602,29,17, 阴转多云 , 西南风 , 小于3级
20130603,30,18, 晴转多云 , 东风 , 小于3级
20130604,29,20, 多云 , 北风 , 小于3级
20130605,32,21, 多云 , 东风 , 小于3级
20130606,25,22, 中雨转暴雨 , 西风 , 小于3级
20130607,24,22, 中雨转阴 , 西北风 , 小于3级转4-5级
20130608,26,20, 阴转多云 , 西北风 , 4-5级
20130609,25,19, 阴 , 北风 , 小于3级
20130610,25,20, 小雨 , 西北风 , 3-4级转小于3级
20130611,26,19, 小雨转多云 , 西北风 , 小于3级
20130612,26,19, 阴转多云 , 北风 , 小于3级
20130613,25,19, 阴转小雨 , 东风 , 小于3级转3-4级
20130614,29,20, 阵雨 , 西风 , 小于3级
20130615,34,24, 多云转雷阵雨 , 东风 , 小于3级
20130616,35,25, 多云转晴 , 西南风 , 小于3级
20130617,36,26, 多云转雷阵雨 , 北风 , 小于3级
20130618,36,27, 多云转雷阵雨 , 西南风 , 小于3级
20130619,33,26, 多云转雷阵雨 , 西南风 , 小于3级
20130620,31,23, 阴转多云 , 东北风 , 3-4级转小于3级
20130621,31,25, 多云转阵雨 , 东风 , 小于3级
20130622,31,25, 多云转雷阵雨 , 东北风 , 小于3级
20130623,31,26, 阵雨转中雨 , 北风 , 3-4级
20130624,31,25, 阵雨转大雨 , 北风 , 小于3级
20130625,30,25, 中雨 , 西南风 , 3-4级
20130626,25,23, 大雨转暴雨 , 西风 , 小于3级
20130627,25,22, 大雨 , 西北风 , 小于3级
20130628,27,22, 大雨 , 东北风 , 小于3级
20130629,31,23, 阵雨转雷阵雨 , 北风 , 小于3级
20130630,35,25, 多云 , 西南风 , 小于3级
20130701,37,26, 多云转晴 , 西南风 , 小于3级
20130702,37,27, 晴 , 西南风 , 4-5级转3-4级
20130703,37,28, 晴转多云 , 西南风 , 小于3级
20130704,35,27, 多云转雷阵雨 , 西风 , 小于3级
20130705,34,25, 雷阵雨转阵雨 , 东北风 , 3-4级
20130706,35,27, 多云 , 西南风 , 小于3级
20130707,36,27, 多云 , 西南风 , 小于3级
20130708,37,28, 多云转晴 , 南风 , 小于3级
20130709,38,28, 晴转多云 , 西南风 , 小于3级
20130710,38,28, 晴 , 东风 , 小于3级
20130711,36,28, 晴转多云 , 东南风 , 小于3级转3-4级
20130712,33,26, 多云转阵雨 , 东风 , 4-5级转5-6级
20130713,36,27, 阵雨转多云 , 东风 , 5-6级转4-5级
20130714,37,28, 多云 , 南风 , 5-6级转4-5级
20130715,37,28, 多云 , 西南风 , 3-4级
20130716,37,28, 多云 , 南风 , 3-4级转小于3级
20130717,37,28, 晴 , 南风 , 3-4级
20130718,37,27, 晴转多云 , 南风 , 小于3级
20130719,36,28, 晴转多云 , 南风 , 小于3级
20130720,34,26, 多云转雷阵雨 , 西北风 , 3-4级转小于3级
20130721,36,26, 多云 , 西南风 , 3-4级转小于3级
20130722,38,27, 多云转晴 , 西南风 , 3-4级
20130723,39,28, 晴 , 西南风 , 小于3级
20130724,40,30, 晴 , 东风 , 小于3级
20130725,39,30, 晴 , 西南风 , 小于3级
20130726,39,29, 晴 , 东风 , 小于3级
20130727,40,29, 晴 , 南风 , 小于3级
20130728,40,30, 晴转多云 , 西北风 , 小于3级
20130729,39,30, 晴转多云 , 东北风 , 小于3级
20130730,40,30, 多云转晴 , 南风 , 小于3级
20130731,39,28, 多云转晴 , 北风 , 4-5级转小于3级
20130801,39,27, 多云转晴 , 南风 , 小于3级
20130802,36,26, 多云 , 南风 , 小于3级
20130803,37,27, 多云 , 西南风 , 小于3级
20130804,38,28, 多云 , 西北风 , 小于3级
20130805,40,29, 晴 , 西南风 , 3-4级转小于3级
20130806,40,30, 晴 , 南风 , 小于3级
20130807,40,30, 晴 , 东南风 , 小于3级
20130808,40,30, 晴 , 南风 , 小于3级
20130809,41,31, 晴 , 东南风 , 小于3级
20130810,40,30, 晴 , 西风 , 3-4级转小于3级
20130811,40,29, 晴 , 东北风 , 小于3级
20130812,39,28, 晴 , 东风 , 小于3级
20130813,39,29, 晴 , 南风 , 小于3级
20130814,37,28, 晴转多云 , 南风 , 小于3级
20130815,37,29, 晴转多云 , 东风 , 3-4级转小于3级
20130816,37,28, 多云 , 东风 , 小于3级
20130817,37,28, 多云 , 东北风 , 小于3级
20130818,33,26, 雷阵雨转阵雨 , 东北风 , 3-4级转小于3级
20130819,34,27, 多云 , 东风 , 小于3级
20130820,33,27, 阵雨 , 东风 , 3-4级
20130821,32,28, 中雨 , 东北风 , 5-6级
20130822,34,27, 阴转多云 , 东风 , 小于3级
20130823,35,27, 多云转雷阵雨 , 南风 , 小于3级
20130824,31,28, 多云转中雨 , 西北风 , 小于3级
20130825,29,26, 中雨 , 西风 , 3-4级
20130826,33,24, 雷阵雨 , 东风 , 小于3级
20130827,35,26, 阴转多云 , 东风 , 小于3级
20130828,35,26, 多云 , 西南风 , 小于3级
20130829,32,27, 阵雨转中雨 , 西北风 , 3-4级转4-5级
20130830,29,24, 阴转多云 , 东北风 , 4-5级
20130831,30,21, 多云 , 东北风 , 小于3级
20130901,29,22, 多云 , 东风 , 小于3级
20130902,30,21, 晴转多云 , 东北风 , 小于3级
20130903,30,21, 多云 , 东北风 , 4-5级转3-4级
20130904,28,21, 多云 , 东风 , 小于3级
20130905,23,20, 阵雨 , 北风 , 小于3级
20130906,24,19, 小雨 , 北风 , 小于3级
20130907,28,21, 阴转多云 , 西北风 , 小于3级
20130908,32,22, 多云 , 东风 , 小于3级
20130909,35,24, 晴转多云 , 东风 , 小于3级
20130910,34,25, 多云转阵雨 , 西北风 , 小于3级
20130911,34,25, 多云 , 西南风 , 小于3级
20130912,34,24, 多云转雷阵雨 , 西北风 , 小于3级
20130913,32,25, 雷阵雨转阵雨 , 西南风 , 小于3级
20130914,32,23, 多云 , 北风 , 小于3级
20130915,31,22, 多云转晴 , 东北风 , 小于3级
20130916,30,22, 晴 , 东风 , 小于3级
20130917,30,22, 多云 , 东风 , 小于3级
20130918,30,21, 多云 , 东风 , 3-4级
20130919,30,22, 多云 , 东风 , 小于3级
20130920,28,23, 阵雨 , 东风 , 小于3级
20130921,28,24, 阵雨转中雨 , 东风 , 小于3级
20130922,31,26, 阴转多云 , 东风 , 4-5级转3-4级
20130923,32,25, 多云 , 南风 , 小于3级
20130924,27,20, 中雨 , 北风 , 5-6级
20130925,24,18, 阴转多云 , 西北风 , 4-5级转3-4级
20130926,26,17, 多云 , 北风 , 小于3级
20130927,25,19, 小雨转阵雨 , 东风 , 小于3级
20130928,25,19, 阵雨转阴 , 西风 , 小于3级
20130929,27,19, 多云 , 西北风 , 小于3级
20130930,28,18, 多云转晴 , 北风 , 小于3级
20131001,26,18, 多云 , 西北风 , 小于3级转3-4级
20131002,26,16, 多云转晴 , 东北风 , 3-4级转小于3级
20131003,26,16, 晴转多云 , 东北风 , 小于3级
20131004,26,16, 晴转多云 , 东风 , 小于3级
20131005,24,18, 阵雨转中雨 , 东北风 , 小于3级
20131006,23,21, 暴雨 , 北风 , 7-8级
20131007,24,21, 大雨转中雨 , 北风 , 4-5级转3-4级
20131008,24,19, 小雨转阴 , 西北风 , 小于3级
20131009,28,19, 阴转多云 , 南风 , 小于3级
20131010,31,20, 晴 , 西南风 , 小于3级
20131011,28,19, 多云转晴 , 东风 , 小于3级
20131012,28,18, 多云转晴 , 东风 , 小于3级
20131013,28,18, 多云转晴 , 东风 , 小于3级
20131014,28,14, 多云~小雨 , 西风 , 小于3级
20131015,18,11, 阴转多云 , 西北风 , 5-6级转4-5级
20131016,20,12, 多云转阴 , 北风 , 小于3级
20131017,21,15, 多云转阴 , 西北风 , 小于3级
20131018,22,16, 阴转小雨 , 北风 , 小于3级
20131019,22,16, 阴 , 西风 , 小于3级
20131020,23,14, 多云转晴 , 西北风 , 小于3级
20131021,21,13, 多云 , 西北风 , 小于3级
20131022,22,13, 多云 , 西北风 , 小于3级
20131023,22,14, 多云 , 西北风 , 小于3级
20131024,18,11, 多云 , 北风 , 4-5级
20131025,19,9, 晴 , 西北风 , 4-5级转小于3级
20131026,20,10, 晴转多云 , 西北风 , 小于3级
20131027,23,11, 晴转多云 , 东风 , 小于3级
20131028,25,13, 晴转多云 , 西北风 , 小于3级
20131029,24,15, 多云 , 东南风 , 小于3级
20131030,23,18, 小雨 , 东北风 , 小于3级
20131031,23,17, 阴转多云 , 东风 , 小于3级
20131101,22,17, 多云转小雨 , 东北风 , 小于3级
20131102,22,18, 阴转小雨 , 东北风 , 小于3级
20131103,21,15, 阴转多云 , 西北风 , 小于3级
20131104,22,11, 晴转多云 , 西北风 , 小于3级
20131105,24,12, 多云转阴 , 南风 , 小于3级转3-4级
20131106,23,13, 多云转晴 , 北风 , 小于3级
20131107,25,13, 晴转多云 , 西南风 , 小于3级
20131108,28,16, 多云 , 西北风 , 小于3级
20131109,23,15, 阵雨转小雨 , 西南风 , 4-5级转5-6级
20131110,15,11, 阴 , 西北风 , 3-4级转小于3级
20131111,15,11, 阴转小雨 , 北风 , 3-4级转小于3级
20131112,15,10, 小雨转阴 , 北风 , 小于3级
20131113,16,13, 小雨 , 西北风 , 小于3级
20131114,18,10, 阴转多云 , 西南风 , 小于3级
20131115,20,8, 晴 , 西北风 , 小于3级
20131116,15,8, 晴 , 西北风 , 3-4级
20131117,16,6, 晴 , 西北风 , 3-4级转小于3级
20131118,16,4, 晴 , 南风 , 小于3级
20131119,18,6, 晴 , 南风 , 小于3级
20131120,21,8, 晴转多云 , 西北风 , 小于3级
20131121,20,9, 多云 , 西南风 , 小于3级
20131122,21,9, 晴转多云 , 西风 , 小于3级
20131123,16,12, 多云转中雨 , 南风 , 小于3级转4-5级
20131124,15,5, 阴转多云 , 西风 , 5-6级转小于3级
20131125,15,4, 晴 , 西南风 , 小于3级
20131126,11,5, 多云 , 西北风 , 3-4级转5-6级
20131127,9,1, 多云 , 北风 , 5-6级转4-5级
20131128,10,-1, 晴 , 西北风 , 小于3级
20131129,14,1, 晴 , 西南风 , 小于3级
20131130,13,4, 晴 , 南风 , 小于3级转3-4级
20131201,17,3, 晴 , 西南风 , 小于3级
20131202,18,5, 晴转多云 , 南风 , 小于3级
20131203,16,8, 多云 , 西北风 , 3-4级
20131204,17,7, 多云转晴 , 东南风 , 小于3级
20131205,16,8, 多云 , 西北风 , 3-4级转小于3级
20131206,16,5, 雾转霾 , 北风 , 小于3级
20131207,17,7, 雾转霾 , 西北风 , 小于3级
20131208,14,9, 霾转阴 , 南风 , 小于3级转5-6级
20131209,9,2, 多云转晴 , 西北风 , 4-5级转小于3级
20131210,12,3, 晴转多云 , 西北风 , 3-4级转小于3级
20131211,13,4, 晴转多云 , 东风 , 小于3级
20131212,13,3, 阴转多云 , 南风 , 小于3级转3-4级
20131213,14,5, 多云 , 东风 , 小于3级
20131214,10,7, 阴转阵雨 , 西北风 , 小于3级
20131215,10,5, 小雨转中雨 , 东南风 , 小于3级
20131216,6,4, 大雨转中雨 , 西北风 , 小于3级
20131217,6,1, 雨夹雪 , 西北风 , 小于3级转4-5级
20131218,8,-1, 多云转晴 , 西北风 , 3-4级转小于3级
20131219,7,0, 多云转晴 , 西风 , 小于3级
20131220,6,-2, 多云 , 西北风 , 3-4级
20131221,7,-2, 晴 , 西北风 , 小于3级
20131222,8,-2, 晴转多云 , 西北风 , 小于3级
20131223,8,0, 晴转多云 , 西北风 , 小于3级
20131224,9,0, 晴转多云 , 西北风 , 小于3级
20131225,9,0, 多云转阴 , 西北风 , 3-4级转4-5级
20131226,5,-1, 阴转多云 , 北风 , 4-5级转小于3级
20131227,5,-4, 晴 , 西北风 , 3-4级转小于3级
20131228,7,-4, 晴 , 西南风 , 小于3级
20131229,10,-2, 多云转晴 , 西风 , 小于3级
20131230,10,0, 晴 , 西南风 , 小于3级
20131231,16,2, 晴 , 南风 , 小于3级
20150101,9,-3, 晴 , 西南风 , 小于3级
20150102,13,0, 晴 , 西风 , 小于3级
20150103,18,5, 晴 , 南风 , 小于3级
20150104,20,6, 晴转多云 , 西北风 , 小于3级
20150105,10,4, 阴转小雨 , 西北风 , 4-5级转5-6级
20150106,8,1, 雨夹雪转阴 , 东北风 , 4-5级转小于3级
20150107,10,-1, 多云转晴 , 西北风 , 小于3级
20150108,12,0, 晴 , 东北风 , 小于3级
20150109,14,2, 晴转多云 , 西北风 , 小于3级
20150110,15,4, 多云 , 西南风 , 小于3级
20150111,13,3, 晴转多云 , 西北风 , 小于3级
20150112,8,5, 小雨 , 东风 , 小于3级
20150113,9,5, 中雨转小雨 , 西北风 , 小于3级
20150114,10,5, 阴 , 北风 , 3-4级转小于3级
20150115,11,3, 多云 , 南风 , 小于3级转3-4级
20150116,10,3, 晴转多云 , 西北风 , 小于3级
20150117,11,2, 多云转晴 , 东风 , 小于3级
20150118,13,2, 多云转晴 , 西北风 , 小于3级
20150119,12,3, 多云转阴 , 东南风 , 小于3级
20150120,17,7, 小雨转多云 , 南风 , 小于3级转3-4级
20150121,11,2, 多云转晴 , 西北风 , 4-5级转小于3级
20150122,13,0, 晴 , 北风 , 小于3级
20150123,18,3, 多云 , 西南风 , 小于3级
20150124,14,10, 小雨 , 东风 , 小于3级
20150125,12,8, 小雨转阴 , 东北风 , 小于3级
20150126,9,5, 小雨 , 北风 , 4-5级
20150127,5,1, 雨夹雪 , 东北风 , 4-5级转3-4级
20150128,5,2, 小雨转中雨 , 东北风 , 小于3级
20150129,5,2, 雨夹雪转阴 , 西北风 , 3-4级转4-5级
20150130,6,-1, 阴转多云 , 西北风 , 小于3级
20150131,7,2, 阴转小雨 , 北风 , 小于3级
20150201,7,3, 小雨 , 西风 , 小于3级
20150202,6,2, 小雨 , 西北风 , 小于3级
20150203,9,4, 小雨转多云 , 西北风 , 小于3级转3-4级
20150204,9,0, 多云转晴 , 西北风 , 3-4级转4-5级
20150205,9,-1, 晴转多云 , 西北风 , 小于3级
20150206,12,1, 多云 , 西风 , 小于3级
20150207,8,2, 阴转多云 , 北风 , 4-5级
20150208,8,-3, 晴 , 东北风 , 3-4级
20150209,8,-3, 晴 , 东北风 , 3-4级
20150210,14,1, 多云转晴 , 东风 , 小于3级转3-4级
20150211,14,1, 多云转晴 , 东风 , 小于3级转3-4级
20150212,16,4, 晴~多云 , 东风 , 小于3级转3-4级
20150213,21,5, 晴转多云 , 北风 , 小于3级转3-4级
20150214,19,13, 小雨 , 南风 , 小于3级
20150215,18,12, 阴转多云 , 北风 , 小于3级
20150216,15,6, 多云 , 西北风 , 小于3级
20150217,14,5, 多云转晴 , 东风 , 小于3级转3-4级
20150218,12,3, 晴转多云 , 东风 , 小于3级
20150219,12,6, 小雨 , 东风 , 3-4级转小于3级
20150220,12,9, 中雨转小雨 , 西风 , 小于3级
20150221,13,7, 阴转小雨 , 东北风 , 小于3级
20150222,10,6, 小雨 , 东北风 , 小于3级
20150223,12,7, 小雨转阴 , 东北风 , 小于3级
20150224,11,8, 小雨 , 东风 , 小于3级
20150225,9,7, 小雨转中雨 , 东北风 , 小于3级
20150226,8,6, 小雨转中雨 , 东北风 , 小于3级
20150227,6,4, 大雨 , 东北风 , 3-4级
20150228,9,3, 小雨转多云 , 北风 , 4-5级转小于3级
20150301,14,3, 晴转多云 , 西南风 , 3-4级转小于3级
20150302,12,7, 小雨 , 西北风 , 小于3级转4-5级
20150303,8,3, 阴转小雨 , 东北风 , 4-5级转3-4级
20150304,4,1, 雨夹雪转中雪 , 南风 , 小于3级
20150305,6,3, 雨夹雪转小雨 , 东北风 , 小于3级
20150306,11,3, 阴转多云 , 西风 , 小于3级
20150307,10,5, 小雨转中雨 , 东风 , 小于3级
20150308,11,6, 小雨转阴 , 西北风 , 小于3级转4-5级
20150309,10,3, 阴转多云 , 东北风 , 4-5级转3-4级
20150310,12,3, 多云 , 东风 , 3-4级转小于3级
20150311,17,5, 阴转多云 , 西风 , 小于3级
20150312,22,7, 晴 , 南风 , 小于3级
20150313,16,10, 多云转阵雨 , 北风 , 小于3级
20150314,13,9, 中雨转阵雨 , 东风 , 小于3级
20150315,18,10, 中雨转阴 , 东北风 , 3-4级转小于3级
20150316,26,13, 多云转阵雨 , 东北风 , 小于3级
20150317,25,17, 雷阵雨转阵雨 , 东北风 , 小于3级
20150318,18,12, 中雨转阴 , 北风 , 小于3级
20150319,15,11, 小雨转小到中雨 , 南风 , 小于3级
20150320,19,11, 小雨转多云 , 西北风 , 小于3级
20150321,19,9, 多云转晴 , 西南风 , 小于3级
20150322,16,8, 多云转阴 , 东风 , 小于3级
20150323,16,6, 多云 , 东北风 , 小于3级
20150324,17,7, 晴转多云 , 东风 , 小于3级
20150325,18,8, 晴转阵雨 , 东北风 , 3-4级
20150326,17,10, 阵雨 , 东北风 , 3-4级转小于3级
20150327,22,9, 阴转多云 , 南风 , 小于3级
20150328,25,12, 晴转多云 , 北风 , 小于3级
20150329,20,14, 中雨 , 西北风 , 小于3级
20150330,28,17, 多云 , 南风 , 小于3级转3-4级
20150331,30,20, 多云 , 南风 , 小于3级
20150401,34,21, 多云转雷阵雨 , 东风 , 小于3级
20150402,24,17, 中雨转小雨 , 东北风 , 4-5级
20150403,29,13, 阴转多云 , 东风 , 3-4级
20150404,22,15, 阵雨转雷阵雨 , 北风 , 小于3级
20150405,15,10, 中雨 , 北风 , 4-5级转5-6级
20150406,10,6, 中雨 , 北风 , 4-5级转5-6级
20150407,12,4, 小雨转阴 , 东北风 , 4-5级转小于3级
20150408,14,6, 多云转小到中雨 , 东风 , 小于3级
20150409,17,9, 阴转多云 , 暂无实况 , 小于3级
20150410,20,9, 多云 , 北风 , 小于3级
20150411,22,10, 多云 , 东北风 , 小于3级
20150412,17,11, 阵雨转阴 , 北风 , 4-5级转5-6级
20150413,20,8, 阴转多云 , 西南风 , 5-6级转4-5级
20150414,24,10, 晴转多云 , 南风 , 4-5级
20150415,25,15, 阴转多云 , 西风 , 3-4级转小于3级
20150416,27,13, 晴转多云 , 东风 , 3-4级转小于3级
20150417,28,19, 多云 , 北风 , 小于3级
20150418,26,18, 中雨 , 南风 , 小于3级
20150419,20,13, 中到大雨转小雨 , 北风 , 5-6级转4-5级
20150420,21,9, 多云转晴 , 西北风 , 3-4级
20150421,25,11, 多云转晴 , 西风 , 小于3级
20150422,26,13, 晴转多云 , 西南风 , 小于3级
20150423,24,14, 多云转阴 , 南风 , 小于3级
20150424,27,13, 多云转晴 , 南风 , 小于3级
20150425,28,15, 晴转多云 , 东风 , 小于3级
20150426,26,16, 多云 , 南风 , 3-4级转小于3级
20150427,30,19, 多云 , 西南风 , 小于3级
20150428,27,19, 雷阵雨转阵雨 , 北风 , 3-4级转4-5级
20150429,28,17, 多云转晴 , 东风 , 3-4级转小于3级
20150430,30,15, 晴转多云 , 东北风 , 小于3级转3-4级
20150501,25,19, 中雨转大雨 , 西北风 , 小于3级
20150502,24,16, 阴转多云 , 北风 , 小于3级
20150503,26,17, 多云 , 北风 , 小于3级
20150504,25,15, 阵雨转多云 , 南风 , 小于3级转3-4级
20150505,22,17, 阵雨转中雨 , 南风 , 3-4级
20150506,29,18, 多云 , 北风 , 小于3级
20150507,29,18, 多云 , 北风 , 小于3级
20150508,25,18, 中到大雨~中雨 , 北风 , 小于3级
20150509,25,18, 中到大雨~中雨 , 北风 , 小于3级
20150510,25,18, 中到大雨~中雨 , 北风 , 小于3级
20150511,23,15, 大雨~小雨 , 北风 , 小于3级
20150512,26,15, 晴~多云 , 西南风 , 小于3级
20150513,31,20, 晴~多云 , 西南风 , 小于3级
20150514,27,21, 阵雨 , 西南风 , 小于3级
20150515,28,18, 中雨~大雨 , 西北风 , 小于3级
20150516,24,16, 阴~多云 , 南风 , 小于3级
20150517,25,20, 阴~阵雨 , 西南风 , 小于3级
20150518,26,20, 中雨~阴 , 西南风 , 小于3级
20150519,28,19, 多云 , 西北风 , 小于3级
20150520,27,15, 多云 , 东北风 , 小于3级
20150521,26,15, 晴 , 东北风 , 小于3级
20150522,29,20, 阵雨 , 东南风 , 小于3级
20150523,26,19, 多云~ , 东北风 , 小于3级
20150524,26,18, 多云 , 东北风 , 小于3级
20150525,27,19, 多云 , 东北风 , 小于3级
20150526,28,20, 阴 , 西北风 , 小于3级
20150527,28,22, 阵雨 , 东北风 , 小于3级
20150528,29,22, 阴~阵雨 , 东北风 , 小于3级
20150529,27,22, 阵雨~中雨 , 西北风 , 小于3级
20150530,27,20, 阴 , 西南风 , 小于3级
20150531,29,20, 多云 , 东北风 , 小于3级
20150601,31,24, 多云~阵雨 , 西北风 , 小于3级
20150602,31,22, 中雨~大雨 , 西南风 , 小于3级
20150603,24,19, 阵雨~多云 , 东北风 , 小于3级
20150604,25,19, 阴~阵雨 , 西南风 , 小于3级
20150605,29,19, 多云 , 西南风 , 小于3级
20150606,31,21, 晴~多云 , 东南风 , 小于3级
20150607,29,22, 雷雨 , 西北风 , 小于3级
20150608,23,20, 大到暴雨 , 西北风 , 小于3级
20150609,23,20, 中雨 , 东南风 , 小于3级
20150610,27,21, 阵雨 , 西南风 , 小于3级
20150611,31,23, 多云 , 西南风 , 小于3级
20150612,33,22, 多云~阴 , 西南风 , 小于3级
20150613,31,22, 阴~阵雨 , 西南风 , 小于3级
20150614,25,22, 中雨~大雨 , 西南风 , 小于3级
20150615,25,22, 中雨 , 西北风 , 小于3级
20150616,27,22, 中雨~阵雨 , 东北风 , 小于3级
20150617,29,21, 中雨~大到暴雨 , 西北风 , 小于3级
20150618,24,20, 阵雨~阴 , 东北风 , 小于3级
20150619,29,21, 多云 , 南风 , 小于3级
20150620,31,21, 多云 , 西北风 , 小于3级
20150621,26,22, 阵雨~中雨 , 西南风 , 小于3级
20150622,27,21, 阵雨~阴 , 西南风 , 小于3级
20150623,31,24, 阴~多云 , 东南风 , 小于3级
20150624,34,26, 雷雨~多云 , 西南风 , 小于3级
20150625,35,27, 多云 , 西南风 , 小于3级
20150626,32,25, 雷雨~阵雨 , 东南风 , 小于3级
20150627,33,25, 雷雨~阵雨 , 东北风 , 小于3级
20150628,25,23, 小雨 , 东南风 , 小于3级
20150629,33,24, 多云 , 西南风 , 小于3级
20150630,35,23, 多云~雷雨 , 西北风 , 小于3级
20150701,24,21, 中雨~阵雨 , 西南风 , 小于3级
20150702,29,21, 多云~阴 , 东北风 , 小于3级
20150703,29,22, 阴~多云 , 东北风 , 小于3级
20150704,24,20, 阵雨 , 东南风 , 小于3级
20150705,21,18, 中雨 , 东南风 , 小于3级
20150706,20,18, 中雨~阵雨 , 东北风 , 小于3级
20150707,21,18, 阵雨 , 西北风 , 小于3级
20150708,24,21, 阵雨 , 东北风 , 小于3级
20150709,28,24, 阵雨 , 东北风 , 小于3级
20150710,25,23, 中雨~中到大雨 , 东北风 , 小于3级
20150711,26,24, 暴雨~大雨 , 西北风 , 小于3级
20150712,29,24, 阵雨~多云 , 西南风 , 小于3级
20150713,35,24, 晴~多云 , 西南风 , 小于3级
20150714,35,24, 晴~多云 , 东北风 , 小于3级
20150715,33,23, 多云 , 东北风 , 小于3级
20150716,30,24, 多云~阴 , 东北风 , 小于3级
20150717,31,25, 雷阵雨~阵雨 , 西南风 , 小于3级
20150718,31,25, 雷阵雨~阵雨 , 西北风 , 小于3级
20150719,31,24, 多云 , 东北风 , 小于3级
20150720,32,25, 多云 , 东北风 , 小于3级
20150721,30,24, 大雨~阵雨 , 东南风 , 小于3级
20150722,32,26, 雷阵雨 , 西南风 , 小于3级
20150723,32,26, 雷阵雨 , 南风 , 小于3级
20150724,33,26, 雷阵雨~阴 , 西南风 , 小于3级
20150725,33,26, 雷阵雨~多云 , 西北风 , 小于3级
20150726,35,26, 雷阵雨~晴 , 东北风 , 小于3级
20150727,37,27, 晴 , 西南风 , 小于3级
20150728,38,28, 晴 , 西南风 , 小于3级
20150729,38,27, 晴 , 西南风 , 小于3级
20150730,36,26, 雷阵雨~晴 , 西南风 , 小于3级
20150731,37,27, 晴~多云 , 南风 , 小于3级
20150801,38,27, 晴 , 西南风 , 小于3级
20150802,38,27, 晴 , 西南风 , 小于3级
20150803,38,28, 晴 , 西南风 , 小于3级
20150804,39,28, 晴 , 西南风 , 小于3级
20150805,38,26, 晴 , 西北风 , 小于3级
20150806,38,26, 多云 , 东南风 , 小于3级
20150807,34,26, 雷阵雨~阵雨 , 东北风 , 小于3级
20150808,32,26, 中雨 , 东北风 , 小于3级
20150809,30,26, 中雨~雷阵雨 , 东南风 , 小于3级
20150810,30,26, 中到大雨~阵雨 , 西南风 , 小于3级
20150811,31,25, 阵雨 , 西北风 , 小于3级
20150812,32,24, 多云 , 西南风 , 小于3级
20150813,30,24, 雷阵雨~多云 , 东南风 , 小于3级
20150814,31,24, 阵雨~阴 , 东北风 , 小于3级
20150815,30,25, 雷阵雨~阵雨 , 西北风 , 小于3级
20150816,30,24, 阵雨~阴 , 西南风 , 小于3级
20150817,32,24, 多云 , 东北风 , 小于3级
20150818,32,24, 多云 , 东北风 , 小于3级
20150819,32,24, 多云 , 西北风 , 小于3级
20150820,33,24, 中雨~中到大雨 , 西北风 , 小于3级
20150821,27,23, 阵雨~中雨 , 西北风 , 小于3级
20150822,26,23, 中雨 , 西北风 , 小于3级
20150823,26,23, 阵雨 , 西北风 , 小于3级
20150824,26,22, 阵雨~阴 , 西北风 , 小于3级
20150825,30,21, 多云 , 西北风 , 小于3级
20150826,30,22, 多云 , 西南风 , 小于3级
20150827,31,22, 多云 , 西北风 , 小于3级
20150828,31,22, 阵雨 , 西南风 , 小于3级
20150829,31,22, 多云 , 西北风 , 小于3级
20150830,30,22, 多云 , 东南风 , 小于3级
20150831,31,22, 多云 , 东北风 , 小于3级
20150901,32,23, 多云 , 西北风 , 小于3级
20150902,32,23, 多云 , 西北风 , 小于3级
20150903,32,23, 多云 , 东北风 , 小于3级
20150904,32,25, 阵雨 , 西南风 , 小于3级
20150905,30,23, 中雨~阴 , 西北风 , 小于3级
20150906,29,22, 多云 , 西北风 , 小于3级
20150907,30,22, 阵雨~多云 , 东北风 , 小于3级
20150908,29,22, 多云 , 东南风 , 小于3级
20150909,29,20, 多云 , 东北风 , 小于3级
20150910,29,20, 多云 , 西北风 , 小于3级
20150911,29,20, 晴~多云 , 西北风 , 小于3级
20150912,27,18, 阵雨~阴 , 西南风 , 小于3级
20150913,26,19, 多云 , 西北风 , 小于3级
20150914,25,19, 小雨 , 西北风 , 小于3级
20150915,25,18, 小雨~阴 , 西北风 , 小于3级
20150916,27,19, 多云~晴 , 西北风 , 小于3级
20150917,28,18, 多云 , 西北风 , 小于3级
20150918,27,19, 多云~阴 , 西北风 , 小于3级
20150919,27,20, 多云~阴 , 东风 , 小于3级
20150920,26,20, 阴 , 西南风 , 小于3级
20150921,27,20, 阴 , 东北风 , 小于3级
20150922,27,21, 阴~阵雨 , 西南风 , 小于3级
20150923,26,20, 阵雨~阴 , 西北风 , 小于3级
20150924,27,20, 多云~阴 , 西南风 , 小于3级
20150925,25,20, 阵雨~阴 , 西北风 , 小于3级
20150926,27,19, 多云 , 东南风 , 小于3级
20150927,27,19, 多云 , 东北风 , 小于3级
20150928,26,21, 阴~阵雨 , 东北风 , 小于3级
20150929,24,22, 中到大雨~中雨 , 东北风 , 小于3级
20150930,29,21, 阵雨~中雨 , 西南风 , 小于3级
20151001,26,16, 小雨~多云 , 西北风 , 小于3级
20151002,24,13, 晴 , 西南风 , 小于3级
20151003,27,17, 晴~多云 , 西北风 , 小于3级
20151004,24,20, 阵雨 , 西北风 , 小于3级
20151005,21,19, 阵雨 , 西北风 , 小于3级
20151006,23,18, 小雨~阵雨 , 东北风 , 小于3级
20151007,23,19, 小雨 , 南风 , 小于3级
20151008,22,17, 小雨~阴 , 东北风 , 小于3级
20151009,23,16, 多云 , 西南风 , 小于3级
20151010,24,13, 多云~晴 , 西北风 , 小于3级
20151011,23,13, 晴 , 西北风 , 小于3级
20151012,23,13, 晴 , 西南风 , 小于3级
20151013,24,14, 晴 , 西南风 , 小于3级
20151014,24,14, 多云~晴 , 西北风 , 小于3级
20151015,26,14, 晴 , 西北风 , 小于3级
20151016,26,14, 晴 , 东北风 , 小于3级
20151017,25,14, 晴 , 东北风 , 小于3级
20151018,24,15, 多云 , 西北风 , 小于3级
20151019,24,16, 多云 , 东北风 , 小于3级
20151020,23,16, 阴 , 东北风 , 小于3级
20151021,26,17, 多云 , 东南风 , 小于3级
20151022,25,17, 多云 , 东南风 , 小于3级
20151023,25,19, 阴 , 东北风 , 小于3级
20151024,25,18, 多云 , 东南风 , 小于3级
20151025,26,19, 多云 , 东北风 , 小于3级
20151026,27,16, 多云~阵雨 , 西北风 , 小于3级
20151027,22,12, 阴~多云 , 西北风 , 小于3级
20151028,21,16, 多云~阵雨 , 东南风 , 小于3级
20151029,17,14, 中雨~阵雨 , 西北风 , 小于3级
20151030,16,12, 小雨~阴 , 东北风 , 小于3级
20151031,17,11, 阴~阵雨 , 西北风 , 小于3级
20151101,16,9, 小雨~多云 , 西南风 , 小于3级
20151102,19,9, 晴 , 西南风 , 小于3级
20151103,20,13, 多云 , 东南风 , 小于3级
20151104,20,16, 阵雨~阴 , 西南风 , 小于3级
20151105,20,16, 阵雨~阴 , 东北风 , 小于3级
20151106,28,18, 多云~阴 , 东南风 , 小于3级
20151107,26,16, 阵雨 , 东北风 , 小于3级
20151108,15,11, 中雨~小雨 , 北风 , 小于3级
20151109,16,10, 阴~多云 , 西北风 , 小于3级
20151110,16,10, 多云~阴 , 西北风 , 小于3级
20151111,17,13, 阵雨 , 西北风 , 小于3级
20151112,15,13, 阵雨 , 南风 , 小于3级
20151113,17,14, 小雨~阴 , 西北风 , 小于3级
20151114,18,13, 阴~多云 , 西南风 , 小于3级
20151115,20,15, 阴~阵雨 , 西北风 , 小于3级
20151116,21,15, 阵雨~中雨 , 东北风 , 小于3级
20151117,16,15, 中雨~阵雨 , 东北风 , 小于3级
20151118,16,13, 阵雨 , 东北风 , 小于3级
20151119,16,13, 小雨 , 东北风 , 小于3级
20151120,16,13, 小到中雨 , 东北风 , 小于3级
20151121,16,14, 阵雨~小雨 , 西北风 , 小于3级
20151122,18,15, 小雨 , 西南风 , 小于3级
20151123,19,14, 阴~小雨 , 无持续风向 , 小于3级
20151124,15,8, 小雨~小到中雨 , 西北风 , 小于3级
20151125,8,2, 阴~多云 , 西北风 , 小于3级
20151126,7,-2, 晴 , 西北风 , 小于3级
20151127,9,1, 晴~多云 , 东风 , 小于3级
20151128,11,7, 多云~小雨 , 南风 , 小于3级
20151129,12,6, 小雨~阴 , 西南风 , 小于3级
20151130,15,8, 多云 , 西北风 , 小于3级
20151201,18,11, 多云~小雨 , 东南风 , 小于3级
20151202,13,5, 小雨~多云 , 西北风 , 小于3级
20151203,13,2, 晴 , 西北风 , 小于3级
20151204,11,5, 多云~小雨 , 东北风 , 小于3级
20151205,7,3, 中雨~小雨 , 西北风 , 小于3级
20151206,6,2, 阴~多云 , 西南风 , 小于3级
20151207,12,4, 多云 , 西南风 , 小于3级
20151208,13,4, 多云 , 东南风 , 小于3级
20151209,12,9, 小雨~小到中雨 , 东北风 , 小于3级
20151210,12,9, 小雨~阴 , 西北风 , 小于3级
20151211,12,6, 阴 , 东北风 , 小于3级
20151212,12,5, 多云~阴 , 西北风 , 小于3级
20151213,9,6, 小雨 , 西北风 , 小于3级
20151214,9,6, 阴~小雨 , 西北风 , 小于3级
20151215,11,3, 阴 , 西北风 , 小于3级
20151216,8,-1, 晴 , 西北风 , 小于3级
20151217,6,-2, 晴 , 西北风 , 小于3级
20151218,8,1, 晴~多云 , 东北风 , 小于3级
20151219,11,3, 多云~阴 , 西北风 , 小于3级
20151220,12,8, 小雨~阴 , 西北风 , 小于3级
20151221,12,8, 多云~阴 , 西北风 , 小于3级
20151222,12,9, 小雨 , 西北风 , 小于3级
20151223,12,9, 小雨 , 西北风 , 小于3级
20151224,11,7, 小雨 , 西北风 , 小于3级
20151225,11,4, 小雨~多云 , 西南风 , 小于3级
20151226,14,7, 多云~阴 , 东南风 , 小于3级
20151227,12,6, 阴 , 东北风 , 小于3级
20151228,9,4, 多云 , 西北风 , 小于3级
20151229,11,4, 多云 , 西南风 , 小于3级
20151230,13,3, 晴~多云 , 东北风 , 小于3级
20151231,11,3, 晴 , 西北风 , 小于3级
20160101,12,4, 多云 , 西南风 , 小于3级
20160102,16,8, 多云~小雨 , 南风 , 小于3级
20160103,18,10, 多云~小雨 , 西北风 , 小于3级
20160104,13,9, 小雨~小到中雨 , 东北风 , 小于3级
20160105,11,7, 中雨~小雨 , 西北风 , 小于3级
20160106,9,5, 小雨~阴 , 西北风 , 小于3级
20160107,9,5, 阴~小雨 , 西北风 , 小于3级
20160108,9,2, 阴~多云 , 西南风 , 小于3级
20160109,9,4, 多云~小雨 , 东北风 , 小于3级
20160110,9,6, 小雨 , 东北风 , 小于3级
20160111,7,4, 小雨 , 西北风 , 小于3级
20160112,6,1, 阴 , 西北风 , 小于3级
20160113,7,1, 多云 , 东北风 , 小于3级
20160114,8,3, 多云~阴 , 东南风 , 小于3级
20160115,11,3, 多云 , 南风 , 小于3级
20160116,11,6, 多云~小雨 , 东北风 , 小于3级
20160117,7,2, 小雨~多云 , 西南风 , 小于3级
20160118,7,-1, 多云 , 西北风 , 小于3级
20160119,6,-2, 多云 , 西北风 , 小于3级
20160120,6,0, 雨夹雪 , 东北风 , 小于3级
20160121,1,1, 中雪~大雪 , 西北风 , 小于3级
20160122,1,-3, 大雪~中雪 , 西北风 , 小于3级
20160123,0,-8, 小雪~多云 , 西北风 , 小于3级
20160124,-3,-9, 晴 , 西南风 , 小于3级
20160125,2,-8, 晴 , 西南风 , 小于3级
20160126,7,-2, 晴~阴 , 南风 , 小于3级
20160127,7,3, 小雨 , 西南风 , 小于3级
20160128,8,4, 小雨~中雨 , 西北风 , 小于3级
20160129,6,3, 小雨 , 西北风 , 小于3级
20160130,6,1, 小雨~阴 , 西北风 , 小于3级
20160131,5,0, 小雨~小雪 , 西北风 , 小于3级
20160201,2,-2, 阴 , 西北风 , 小于3级
20160202,3,-1, 多云 , 西南风 , 小于3级
20160203,7,-1, 晴~多云 , 南风 , 小于3级
20160204,7,1, 雨夹雪~阴 , 西北风 , 小于3级
20160205,9,0, 多云~晴 , 西北风 , 小于3级
20160206,7,-2, 晴 , 西北风 , 小于3级
20160207,10,1, 晴 , 西南风 , 小于3级
20160208,15,3, 晴 , 西南风 , 小于3级
20160209,19,6, 晴 , 西北风 , 小于3级
20160210,22,11, 多云~阵雨 , 西南风 , 小于3级
20160211,22,12, 小雨~多云 , 东南风 , 小于3级
20160212,24,12, 多云~阵雨 , 西南风 , 小于3级
20160213,18,3, 小雨 , 西北风 , 小于3级
20160214,5,0, 小雨~阴 , 西北风 , 小于3级
20160215,7,-1, 晴 , 西北风 , 小于3级
20160216,12,1, 晴 , 西北风 , 小于3级
20160217,13,4, 晴~多云 , 东南风 , 小于3级
20160218,18,6, 晴~多云 , 西北风 , 小于3级
20160219,13,5, 阴 , 东北风 , 小于3级
20160220,13,2, 多云 , 西南风 , 小于3级
20160221,13,4, 多云~阵雨 , 东南风 , 小于3级
20160222,8,5, 中雨~小雨 , 西北风 , 小于3级
20160223,10,4, 阴 , 西北风 , 小于3级
20160224,9,1, 多云 , 东南风 , 小于3级
20160225,13,4, 多云 , 南风 , 小于3级
20160226,17,6, 多云 , 西南风 , 小于3级
20160227,20,7, 晴 , 东南风 , 小于3级
20160228,22,4, 多云~阵雨 , 西北风 , 小于3级
20160229,14,1, 晴 , 东北风 , 小于3级
